old_tapPos,new_tapPos,sTime,eTime,stayTime,ElePower,ampereA1,ampereB1,ampereC1,ampereA2,ampereB2,ampereC2,voltageA1,voltageB1,voltageC1,voltageA2,voltageB2,voltageC2,pfA,pfB,pfC,epiA,epiB,epiC,trTemp
11,10,2018-11-01 00:00:00,2018-11-01 01:03:35,3815,12110.0,507.0,510.0,524.0,78206.0,78599.0,80796.0,22603.0,22597.0,22740.0,62.0,62.0,65.0,947.0,913.0,945.0,577.0,400.0,535.0,80.3
10,1,2018-11-01 01:03:36,2018-11-01 01:13:37,601,11709.0,460.0,470.0,516.0,68524.0,70146.0,76970.0,22712.0,22632.0,22872.0,57.0,67.0,60.0,897.0,887.0,962.0,398.0,207.0,446.0,79.8
1,10,2018-11-01 01:13:38,2018-11-01 01:23:39,601,6104.0,213.0,222.0,239.0,24380.5,25463.5,27282.5,23353.0,23359.0,23461.0,45.0,48.0,41.0,848.0,895.0,935.0,396.0,520.0,446.0,69.7
10,9,2018-11-01 01:23:40,2018-11-01 02:06:12,2552,12450.0,440.0,467.0,505.0,65555.0,69594.0,75247.0,22749.0,22671.0,22977.0,61.0,71.0,58.0,830.0,871.0,943.0,332.0,176.0,420.0,75.0
9,10,2018-11-01 02:06:13,2018-11-01 03:04:06,3473,8726.5,528.0,525.0,527.0,76064.0,75582.0,75959.0,22410.0,22415.0,22533.0,51.0,44.0,51.0,999.0,988.0,993.0,356.0,253.0,436.0,76.6
10,11,2018-11-01 03:04:07,2018-11-01 03:19:05,898,10203.0,498.0,509.0,530.0,74141.0,75831.0,78982.0,22415.0,22445.0,22615.0,55.0,56.0,57.0,977.0,952.0,986.0,589.0,446.0,635.0,79.4
11,12,2018-11-01 03:19:06,2018-11-01 05:44:25,8719,11369.5,498.0,521.0,529.0,76733.0,80300.0,81547.0,22569.0,22567.0,22667.0,61.0,62.0,60.0,952.0,942.0,969.0,621.0,521.0,724.0,79.3
12,11,2018-11-01 05:44:26,2018-11-01 05:54:27,601,12387.0,514.0,532.0,539.0,82095.0,85058.0,86040.0,22604.0,22660.0,22603.0,65.0,64.0,67.0,943.0,922.0,953.0,659.0,520.0,802.0,78.7
11,10,2018-11-01 05:54:28,2018-11-01 06:05:33,665,11193.0,511.0,527.0,534.0,78728.0,81195.0,82329.0,22569.5,22610.0,22571.0,60.0,59.0,62.0,967.5,942.0,975.0,619.0,483.0,787.0,78.7
10,11,2018-11-01 06:05:34,2018-11-01 06:15:44,610,10468.0,478.0,510.0,515.0,71054.0,75970.0,76696.0,22824.0,22863.0,22815.0,58.0,58.0,59.0,960.0,954.0,984.0,568.0,444.0,766.0,78.7
11,10,2018-11-01 06:15:45,2018-11-01 06:25:46,601,11726.0,487.0,524.0,524.0,75101.0,80786.0,80745.0,22683.0,22725.0,22712.0,63.0,64.0,60.0,932.0,939.0,964.0,535.0,454.0,749.0,78.7
10,9,2018-11-01 06:25:47,2018-11-01 08:07:20,6093,11819.0,492.0,505.0,511.0,73324.0,75223.5,76132.5,22577.0,22549.0,22649.0,58.0,59.0,59.0,932.0,912.0,946.0,248.0,229.0,490.0,77.6
9,10,2018-11-01 08:07:21,2018-11-01 08:17:22,601,9375.0,498.0,510.0,515.0,71750.0,73431.0,74244.0,22558.0,22507.0,22551.0,52.0,49.0,53.0,987.0,974.0,988.0,373.0,350.0,489.0,77.1
10,11,2018-11-01 08:17:23,2018-11-01 09:04:53,2850,9799.0,525.0,532.0,536.0,78234.0,79312.0,79879.0,22577.0,22549.0,22443.0,55.0,51.0,56.0,989.0,977.0,987.0,485.0,482.0,648.0,79.3
11,10,2018-11-01 09:04:54,2018-11-01 11:19:33,8079,11433.0,516.0,524.0,529.0,79582.0,80782.5,81489.5,22737.0,22776.0,22713.0,61.0,59.0,63.0,965.0,944.0,966.0,572.0,505.0,752.0,80.4
10,11,2018-11-01 11:19:34,2018-11-01 12:16:24,3410,10078.0,514.0,525.0,525.0,76514.0,78145.0,78195.0,22820.0,22818.0,22768.0,57.0,53.0,58.0,985.0,974.0,985.0,521.0,477.0,696.0,80.1
11,10,2018-11-01 12:16:25,2018-11-01 12:26:26,601,11621.0,533.0,545.0,539.0,82189.0,84015.0,83098.0,22764.0,22729.0,22722.0,62.0,57.0,61.0,965.0,955.0,959.0,439.0,477.0,675.0,80.2
10,9,2018-11-01 12:26:27,2018-11-01 14:00:13,5626,11853.0,504.0,503.0,513.0,75063.0,74872.0,76403.0,22640.0,22626.0,22700.0,59.0,59.0,60.0,934.0,916.0,940.0,215.0,292.0,374.0,81.0
9,8,2018-11-01 14:00:14,2018-11-01 14:10:15,601,10846.0,516.0,516.0,438.0,74396.0,74305.0,63125.0,22646.0,22709.0,22679.0,66.0,41.0,59.0,975.0,993.0,854.0,193.0,181.0,341.0,80.8
8,9,2018-11-01 14:10:16,2018-11-01 14:20:17,601,7681.0,511.0,505.0,504.0,71271.0,70464.0,70337.0,22398.0,22429.0,22507.0,48.0,41.0,48.0,999.0,996.0,996.0,192.0,181.0,341.0,80.3
9,8,2018-11-01 14:20:18,2018-11-01 14:30:19,601,8115.0,543.0,540.0,536.0,78171.0,77798.0,77200.0,22336.0,22256.0,22302.0,49.0,42.0,49.0,999.0,998.0,996.0,192.0,180.0,341.0,80.9
8,9,2018-11-01 14:30:20,2018-11-01 14:40:21,601,7515.5,512.0,505.0,503.0,71466.5,70481.0,70215.0,22450.0,22427.0,22525.0,48.0,41.0,48.0,999.0,998.0,997.0,192.0,180.0,341.0,81.5
9,10,2018-11-01 14:40:22,2018-11-01 14:50:23,601,7842.0,542.0,541.0,540.0,78078.0,77868.0,77777.0,22264.0,22269.0,22397.0,49.0,43.0,49.0,999.0,998.0,999.0,207.0,204.0,341.0,84.7
10,11,2018-11-01 14:50:24,2018-11-01 15:00:25,601,10574.0,493.0,504.0,523.0,73444.0,75014.0,77821.0,22379.0,22401.5,22585.0,56.0,57.0,56.0,963.0,944.0,980.0,493.0,462.0,561.0,85.8
11,12,2018-11-01 15:00:26,2018-11-01 15:10:27,601,11490.0,490.0,530.0,532.0,75530.0,81624.0,81956.0,22514.0,22566.0,22736.0,63.0,63.0,58.0,936.0,947.0,969.0,677.0,490.0,717.0,85.8
12,11,2018-11-01 15:10:29,2018-11-01 16:56:34,6365,12374.0,514.0,523.0,529.0,82130.0,83534.0,84484.0,22480.0,22445.0,22591.0,66.0,64.0,66.0,942.0,921.0,940.0,673.0,548.0,745.0,85.7
11,10,2018-11-01 16:56:35,2018-11-01 18:04:08,4053,12024.0,502.0,516.0,519.0,77376.0,79540.5,80051.0,22568.0,22543.0,22702.0,62.0,62.0,62.0,941.0,922.0,946.0,495.0,481.0,664.0,82.7
10,9,2018-11-01 18:04:09,2018-11-01 19:19:45,4536,12052.0,507.0,512.0,523.0,75537.0,76252.0,77887.0,22581.0,22556.0,22719.0,58.0,58.0,59.0,937.0,901.0,937.0,260.0,144.0,334.0,82.1
9,8,2018-11-01 19:19:46,2018-11-01 19:55:23,2137,11685.0,478.0,502.0,502.0,68841.0,72247.0,72294.0,22748.0,22719.0,22916.0,58.0,56.0,55.0,918.0,915.0,928.0,286.0,136.0,366.0,80.9
8,9,2018-11-01 19:55:24,2018-11-01 20:05:25,601,11341.0,414.0,455.0,423.0,57934.0,63578.0,59120.0,22918.0,22963.0,23047.0,66.0,54.0,55.0,885.0,912.0,848.0,316.0,136.0,374.0,79.9
9,8,2018-11-01 20:05:26,2018-11-01 20:15:27,601,9742.0,508.0,550.0,492.0,73058.0,79201.0,70742.0,22374.5,22471.0,22509.0,58.0,46.0,48.0,967.0,996.0,963.0,226.0,257.0,392.0,79.3
8,10,2018-11-01 20:15:28,2018-11-01 20:25:29,601,8913.5,466.0,504.0,472.0,64975.0,70217.0,65969.0,22535.5,22538.0,22545.5,54.0,47.0,47.0,970.5,990.0,982.0,197.0,308.0,403.0,79.3
10,11,2018-11-01 20:25:30,2018-11-01 20:55:46,1816,10535.0,502.0,518.0,538.0,74745.0,77228.0,80190.0,22746.0,22650.0,22638.0,56.0,56.0,57.0,967.0,959.0,981.0,549.0,459.0,568.0,82.0
11,12,2018-11-01 20:55:47,2018-11-01 21:15:03,1156,11561.0,501.0,511.0,526.0,77217.0,78772.0,81141.0,22525.0,22461.0,22615.0,61.0,62.0,62.0,947.0,930.0,960.0,617.0,510.0,694.0,82.0
12,11,2018-11-01 21:15:04,2018-11-01 21:36:55,1311,12506.0,515.0,527.0,535.0,82244.0,84183.0,85403.0,22549.0,22491.0,22676.0,66.0,65.0,66.0,936.0,920.0,943.0,638.0,527.0,749.0,82.0
11,10,2018-11-01 21:36:56,2018-11-01 23:51:07,8051,11758.0,504.0,519.0,520.0,77747.0,80033.0,80135.0,22649.0,22626.0,22639.0,63.0,61.0,62.0,940.0,939.0,951.0,507.0,507.0,654.0,80.8
10,9,2018-11-01 23:51:08,2018-11-02 02:02:51,7903,12478.0,493.0,498.0,517.0,73485.0,74121.5,77003.5,22656.0,22666.0,22649.0,60.0,60.0,61.0,906.0,886.0,917.0,306.5,189.0,346.0,79.8
9,10,2018-11-02 02:02:52,2018-11-02 02:26:35,1423,8933.0,515.0,524.0,518.0,73937.0,75536.0,74619.0,22418.0,22337.0,22407.0,52.0,46.0,49.0,990.0,991.0,991.0,345.0,366.0,372.0,79.2
10,11,2018-11-02 02:26:36,2018-11-02 03:01:13,2077,9989.0,520.0,527.0,542.0,77530.0,78472.0,80775.0,22351.0,22291.0,22388.0,54.0,54.0,55.0,981.0,969.0,987.0,466.0,519.0,559.0,81.1
11,10,2018-11-02 03:01:14,2018-11-02 06:14:19,11585,11140.0,505.0,517.0,525.0,77876.0,79789.0,80904.0,22422.0,22367.0,22476.5,61.0,60.0,60.0,960.0,949.0,965.0,685.0,622.0,720.0,80.2
10,9,2018-11-02 06:14:20,2018-11-02 08:31:03,8203,11552.0,498.0,504.0,515.0,74155.0,75037.5,76725.5,22384.0,22333.0,22455.0,57.0,59.0,59.0,936.0,912.0,951.0,370.0,354.0,462.0,79.2
9,10,2018-11-02 08:31:04,2018-11-02 08:41:05,601,10791.0,439.0,517.0,416.0,63146.0,74517.0,59892.0,22432.0,22612.0,22560.0,74.0,47.0,50.0,917.0,993.0,803.0,396.0,355.0,399.0,76.6
10,11,2018-11-02 08:41:06,2018-11-02 09:27:13,2767,10206.0,522.0,524.0,533.0,77726.0,78012.0,79357.0,22419.0,22449.0,22554.0,54.0,56.0,56.0,974.0,968.0,986.0,322.0,611.0,617.0,79.8
11,10,2018-11-02 09:27:14,2018-11-02 10:56:51,5377,11305.0,512.0,521.0,531.0,78915.0,80266.0,81887.0,22763.0,22709.0,22823.0,61.0,60.0,62.0,964.0,947.0,968.0,746.0,638.0,785.0,81.0
10,11,2018-11-02 10:56:52,2018-11-02 11:23:45,1613,10204.0,506.0,521.0,508.0,75306.0,77550.0,75735.0,22738.0,22757.0,22807.0,59.0,54.0,57.0,980.0,974.0,972.0,637.0,567.0,751.0,81.0
11,10,2018-11-02 11:23:46,2018-11-02 11:35:46,720,11750.0,524.0,531.0,525.0,80825.0,81929.0,80942.0,22767.0,22799.0,22848.0,63.0,59.0,62.0,958.0,945.0,954.0,555.0,623.0,722.0,81.0
10,9,2018-11-02 11:35:47,2018-11-02 12:07:29,1902,11248.0,501.0,503.0,510.0,74709.0,74968.0,75950.0,22887.0,22909.0,22995.0,59.0,58.0,60.0,957.0,941.0,962.0,424.0,617.0,652.0,81.0
9,10,2018-11-02 12:07:30,2018-11-02 12:17:31,601,9778.0,514.0,439.0,510.0,74005.0,62993.0,73475.0,22748.0,22555.0,22790.0,47.0,53.0,63.0,993.0,896.0,985.0,379.0,536.0,561.0,80.7
10,9,2018-11-02 12:17:32,2018-11-02 14:19:16,7304,12159.0,499.0,509.0,519.0,74243.0,75840.0,77343.0,22556.0,22546.0,22652.0,59.0,59.0,59.0,921.0,904.0,931.0,327.0,236.0,409.0,82.3
9,10,2018-11-02 14:19:17,2018-11-02 14:29:18,601,11007.0,477.0,521.0,472.5,68689.0,75099.0,67988.0,22542.0,22697.0,22662.0,64.0,51.0,50.0,921.0,975.0,896.0,276.0,380.5,411.5,83.6
10,9,2018-11-02 14:29:19,2018-11-02 14:39:20,601,11476.0,486.0,534.0,480.0,72360.0,79559.0,71355.0,22578.0,22809.0,22640.0,71.0,55.0,53.0,913.0,977.0,908.5,209.0,579.0,534.0,82.5
9,10,2018-11-02 14:39:21,2018-11-02 14:49:22,601,10770.5,409.0,502.0,434.0,58997.0,72294.0,62524.5,22813.0,23065.0,23061.0,75.0,59.0,47.0,880.0,990.0,890.0,210.0,638.0,602.0,82.6
10,11,2018-11-02 14:49:23,2018-11-02 15:21:24,1921,10373.0,519.0,520.0,534.0,77271.0,77530.0,79642.0,22655.0,22630.0,22782.0,55.0,56.0,56.0,976.0,961.0,985.0,534.0,625.0,663.0,85.8
11,12,2018-11-02 15:21:25,2018-11-02 17:09:45,6500,11236.0,519.0,520.0,529.0,80024.0,80218.0,81496.0,22605.0,22586.0,22713.0,60.0,60.0,62.0,968.0,945.0,967.0,663.0,629.0,808.0,86.4
12,11,2018-11-02 17:09:46,2018-11-02 17:19:47,601,12591.0,520.0,530.0,520.0,83043.0,84625.5,83113.0,22538.0,22599.0,22711.0,68.0,64.0,65.0,936.0,925.0,930.0,652.5,646.0,793.0,85.5
11,10,2018-11-02 17:19:48,2018-11-02 18:26:05,3977,12311.5,513.0,514.0,521.0,79143.0,79285.0,80292.0,22585.0,22559.0,22729.0,63.0,62.0,63.0,933.0,911.0,941.0,373.0,479.0,549.0,83.7
10,9,2018-11-02 18:26:06,2018-11-02 19:33:41,4055,12359.0,504.0,506.0,519.0,75132.0,75376.0,77322.0,22538.0,22500.0,22673.0,59.0,60.0,60.0,922.0,891.0,923.0,343.0,308.0,384.0,81.5
9,8,2018-11-02 19:33:42,2018-11-02 20:15:30,2508,11319.0,514.0,484.0,512.0,74066.0,69666.0,73753.0,22636.0,22520.0,22679.0,52.0,53.0,57.0,964.0,894.0,937.0,316.0,285.0,384.0,80.4
8,9,2018-11-02 20:15:31,2018-11-02 20:25:32,601,9008.0,510.0,479.0,470.0,71200.5,66832.0,65662.0,22600.0,22594.0,22630.0,54.0,41.0,53.0,996.0,989.0,948.0,477.0,409.0,411.0,80.4
9,10,2018-11-02 20:25:33,2018-11-02 20:35:34,601,9045.0,499.0,503.0,508.0,71889.0,72514.0,73238.0,22520.0,22656.0,22626.0,55.0,48.0,51.0,990.0,989.0,983.0,683.0,584.0,462.0,80.4
10,11,2018-11-02 20:35:35,2018-11-02 21:17:49,2534,9380.0,528.0,533.0,537.0,78598.0,79355.0,80033.0,22484.0,22646.0,22657.0,57.0,50.0,54.0,994.0,989.0,989.0,731.0,642.0,589.0,82.6
11,10,2018-11-02 21:17:50,2018-11-02 22:05:59,2889,11121.0,510.0,521.0,530.0,78586.0,80313.0,81659.0,22474.0,22642.0,22798.0,62.0,60.0,60.0,964.0,954.0,969.0,769.0,718.0,717.0,82.6
10,11,2018-11-02 22:06:00,2018-11-02 22:16:01,601,10679.0,462.0,488.0,485.0,68864.0,72757.0,72187.0,22607.0,22782.0,22928.0,63.0,60.0,58.0,948.0,954.0,962.0,736.0,703.0,741.0,82.0
11,12,2018-11-02 22:16:02,2018-11-02 23:13:19,3437,11086.0,509.0,514.0,525.0,78454.0,79175.5,81009.5,22432.0,22506.0,22650.0,61.0,60.0,61.0,965.0,946.0,968.0,699.0,664.0,742.0,82.0
12,11,2018-11-02 23:13:20,2018-11-03 00:01:09,2869,11873.0,519.0,524.0,529.0,82915.0,83673.0,84560.0,22213.0,22322.0,22456.0,65.0,62.0,64.0,952.0,932.0,953.0,726.0,703.0,760.0,81.4
11,12,2018-11-03 00:01:10,2018-11-03 00:11:11,601,11714.0,486.0,482.0,496.0,74955.0,74273.0,76505.0,22429.0,22581.0,22942.0,63.0,64.0,65.0,945.0,902.0,947.0,774.0,716.0,800.0,80.9
12,11,2018-11-03 00:11:12,2018-11-03 00:21:13,601,12846.0,496.0,493.0,482.0,78965.0,78668.0,77076.0,22471.0,22605.0,22871.0,72.0,65.0,71.0,929.0,884.0,888.0,737.0,711.0,752.0,80.3
11,10,2018-11-03 00:21:14,2018-11-03 01:44:54,5020,12556.0,498.0,504.0,516.0,76742.0,77622.0,79507.0,22328.0,22390.0,22588.0,64.0,63.0,63.0,915.0,894.0,917.0,558.0,421.0,500.0,79.8
10,9,2018-11-03 01:44:55,2018-11-03 02:01:45,1010,11507.0,502.0,496.0,516.0,74647.0,73844.0,76916.0,22164.0,22088.0,22227.0,57.0,57.0,60.0,946.0,904.0,937.0,498.0,364.0,432.0,79.8
9,10,2018-11-03 02:01:46,2018-11-03 02:36:30,2084,8184.0,515.0,517.0,530.0,74255.0,74446.0,76350.5,22223.0,22194.0,22203.5,51.0,46.0,49.0,999.0,994.0,995.0,507.5,449.0,414.0,79.8
10,11,2018-11-03 02:36:31,2018-11-03 03:00:44,1453,9434.0,518.0,521.0,542.0,77092.0,77525.0,80799.0,22335.0,22403.0,22279.0,54.0,52.0,54.0,990.0,982.0,990.0,705.0,671.0,576.0,81.4
11,12,2018-11-03 03:00:45,2018-11-03 04:37:23,5798,10592.0,502.0,512.0,525.0,77464.0,78887.0,80909.0,22225.0,22191.0,22286.0,60.0,59.0,60.0,969.0,956.0,973.0,792.0,781.0,771.0,80.8
12,11,2018-11-03 04:37:24,2018-11-03 04:47:25,601,11483.0,519.0,531.0,536.0,82875.0,84668.0,85619.0,22131.0,22054.0,22197.0,63.0,62.0,63.0,958.0,945.0,961.0,770.0,802.0,792.0,80.2
11,12,2018-11-03 04:47:26,2018-11-03 05:05:56,1110,10727.0,500.0,507.0,514.0,77048.0,78132.0,79269.0,22161.0,22115.0,22234.0,61.0,59.0,60.0,963.0,952.0,967.0,729.0,796.0,758.0,79.2
12,11,2018-11-03 05:05:57,2018-11-03 05:23:36,1059,11730.0,511.0,525.0,533.0,81540.0,83891.0,85100.0,22223.0,22180.0,22290.0,64.0,64.0,63.0,944.0,941.0,957.0,740.0,806.0,785.0,79.8
11,12,2018-11-03 05:23:37,2018-11-03 05:36:46,789,10916.0,494.0,496.0,507.0,76180.0,76542.0,78129.0,22251.0,22157.0,22312.0,60.0,60.0,62.0,960.0,942.0,961.0,715.0,788.0,791.0,79.8
12,11,2018-11-03 05:36:47,2018-11-03 05:46:48,601,11641.0,538.0,537.0,545.0,85921.0,85780.0,87038.0,22253.0,22203.0,22355.0,62.0,61.0,63.0,967.0,945.0,962.0,708.0,773.0,769.0,79.8
11,10,2018-11-03 05:46:49,2018-11-03 06:37:20,3031,11279.0,515.0,509.0,522.0,79314.0,78453.0,80496.0,22196.0,22176.0,22321.0,60.0,59.0,61.0,960.0,940.0,959.0,623.0,710.0,637.0,79.8
10,9,2018-11-03 06:37:21,2018-11-03 08:02:44,5123,10975.0,511.0,521.0,532.0,76077.0,77575.0,79216.0,22238.0,22222.0,22411.0,56.0,56.0,56.0,955.0,938.0,963.0,457.0,403.0,490.0,80.3
9,10,2018-11-03 08:02:45,2018-11-03 08:57:17,3272,8350.0,517.0,514.0,531.0,74500.0,74086.0,76554.0,22157.0,22182.0,22260.0,48.0,47.0,50.0,997.0,990.0,999.0,362.0,554.0,490.0,80.9
10,11,2018-11-03 08:57:18,2018-11-03 09:07:19,601,10083.0,520.0,517.0,533.0,77295.0,76784.0,79343.5,22183.0,22222.0,22361.0,54.0,54.0,55.0,977.0,963.0,984.0,454.5,644.5,563.0,82.0
11,10,2018-11-03 09:07:20,2018-11-03 11:18:25,7865,10646.0,532.0,531.0,545.0,81999.0,81835.0,84034.0,22478.0,22494.0,22597.0,59.0,57.0,60.0,982.0,962.0,980.0,701.0,731.0,765.0,83.7
10,11,2018-11-03 11:18:26,2018-11-03 11:30:12,706,9437.5,528.0,500.0,528.0,78694.5,74502.0,78680.0,22703.0,22696.0,22755.0,55.0,52.0,62.0,997.0,969.0,987.0,705.0,686.0,754.0,83.7
11,10,2018-11-03 11:30:13,2018-11-03 12:26:34,3381,11166.0,531.0,521.0,533.0,81843.0,80353.0,82199.0,22604.0,22600.0,22694.0,61.0,58.0,61.0,972.0,957.0,961.0,653.0,758.0,569.0,83.0
10,9,2018-11-03 12:26:35,2018-11-03 13:59:55,5600,11042.0,525.0,527.0,541.0,78129.0,78415.5,80554.0,22464.0,22469.0,22599.0,56.0,56.0,55.0,962.0,951.0,973.0,410.0,432.0,515.0,85.55
9,10,2018-11-03 13:59:56,2018-11-03 14:54:44,3288,8155.0,535.0,511.0,522.0,76997.5,73549.0,75217.0,22517.0,22572.0,22420.0,50.0,44.0,53.0,999.0,995.0,996.0,430.0,517.0,577.0,86.3
10,11,2018-11-03 14:54:45,2018-11-03 15:04:46,601,10518.5,489.0,489.0,521.0,72795.5,72472.0,77654.0,22720.0,22818.0,22704.0,57.0,59.0,58.0,962.0,948.0,983.0,720.0,736.0,666.0,87.4
11,10,2018-11-03 15:04:47,2018-11-03 15:42:09,2242,11036.0,513.0,521.0,526.0,79087.0,80379.5,81182.5,22617.0,22661.0,22707.0,62.0,60.0,61.0,967.0,957.0,970.0,796.0,773.0,769.0,88.4
10,11,2018-11-03 15:42:10,2018-11-03 15:52:11,601,9160.0,502.0,524.0,511.0,74771.0,77933.0,76165.0,22487.0,22576.0,22599.0,58.0,53.0,55.0,991.0,995.0,991.0,774.0,814.0,769.0,87.5
11,10,2018-11-03 15:52:12,2018-11-03 16:33:14,2462,10836.0,503.0,504.0,519.0,77570.0,77765.0,80031.0,22558.0,22611.0,22740.0,62.0,61.0,61.0,967.0,954.0,974.0,817.0,869.0,813.0,86.8
10,11,2018-11-03 16:33:15,2018-11-03 16:43:16,601,10869.0,493.0,410.0,397.0,73507.0,61053.0,59074.0,22927.0,22990.0,22919.0,62.0,52.0,83.0,997.0,829.0,893.0,786.0,825.0,803.0,85.7
11,10,2018-11-03 16:43:17,2018-11-03 18:27:08,6231,11397.0,511.0,508.0,518.0,78826.0,78261.0,79935.0,22681.0,22721.0,22871.0,62.0,60.0,62.0,966.0,943.0,959.0,767.0,778.0,692.0,83.8
10,9,2018-11-03 18:27:09,2018-11-03 19:53:51,5202,11698.0,510.0,500.0,523.0,75963.0,74423.0,77860.0,22671.0,22688.0,22832.0,58.0,59.0,59.0,946.0,920.0,951.0,482.0,475.0,476.0,81.6
9,8,2018-11-03 19:53:52,2018-11-03 20:03:53,601,10218.0,536.0,491.0,450.0,77599.0,70769.0,64902.0,22690.0,22660.0,22577.5,60.0,41.0,61.0,991.0,967.0,902.0,502.0,457.0,491.0,81.5
8,9,2018-11-03 20:03:54,2018-11-03 20:13:55,601,7982.0,504.0,497.0,498.0,70335.0,69343.0,69467.0,22725.0,22770.0,22851.0,51.0,43.0,50.0,999.0,996.0,994.0,501.0,457.0,491.0,79.6
9,10,2018-11-03 20:13:56,2018-11-03 20:30:45,1009,8140.0,535.0,528.0,528.0,77073.0,76074.0,76142.0,22457.0,22683.0,22754.0,52.0,45.0,50.0,999.0,998.0,997.0,510.0,467.0,501.0,81.6
10,9,2018-11-03 20:30:46,2018-11-03 20:40:47,601,9527.0,545.5,541.5,546.0,81264.0,80687.0,81314.0,22559.0,22713.0,22844.0,56.0,51.0,54.0,995.0,987.0,991.5,622.0,634.0,630.0,82.1
9,10,2018-11-03 20:40:48,2018-11-03 20:54:47,839,8109.0,519.0,514.0,527.0,74723.0,74029.0,75957.0,22732.0,22872.0,22995.0,52.0,48.0,52.0,999.0,995.0,999.0,631.0,644.0,639.0,82.6
10,11,2018-11-03 20:54:48,2018-11-03 21:04:49,601,10040.0,514.0,510.0,539.0,76548.0,75920.0,80268.0,22716.0,22822.0,22945.0,56.0,56.0,57.0,985.0,964.0,990.0,732.0,692.0,694.0,82.6
11,10,2018-11-03 21:04:50,2018-11-04 02:00:32,17742,11167.0,513.0,516.0,524.0,79087.0,79590.0,80879.0,22556.0,22612.0,22694.0,62.0,60.0,61.0,961.0,948.0,968.0,614.0,716.0,833.0,82.0
10,11,2018-11-04 02:00:33,2018-11-04 03:05:57,3924,9257.0,535.0,522.0,539.0,79620.0,77719.5,80354.0,22453.0,22510.0,22478.0,54.0,50.0,56.0,995.0,982.0,993.0,624.0,668.0,709.0,82.0
11,10,2018-11-04 03:05:58,2018-11-04 07:32:43,16005,10531.0,509.0,524.0,536.0,78458.0,80830.0,82608.0,22363.0,22422.0,22513.0,60.0,59.0,58.0,973.0,961.0,983.0,786.0,691.0,839.0,81.4
10,9,2018-11-04 07:32:44,2018-11-04 08:06:41,2037,10452.5,531.0,529.0,542.0,79114.0,78808.0,80793.0,22407.5,22418.5,22597.0,55.0,54.0,56.0,980.0,958.0,981.0,475.0,440.0,593.0,81.5
9,10,2018-11-04 08:06:42,2018-11-04 08:58:45,3123,7878.0,508.0,509.0,524.0,73152.0,73345.0,75562.0,22363.0,22414.0,22545.0,50.0,48.0,50.0,999.0,994.0,999.0,568.0,588.0,617.0,82.0
10,11,2018-11-04 08:58:46,2018-11-04 09:08:47,601,9322.0,514.0,519.5,543.5,76508.5,77360.0,80931.0,22361.0,22456.0,22624.0,54.0,54.5,54.0,989.0,976.0,996.0,629.0,616.0,670.5,82.0
11,10,2018-11-04 09:08:48,2018-11-04 12:58:12,13764,10330.0,526.0,538.0,538.0,81105.0,82952.0,82972.0,22421.0,22446.0,22569.0,59.0,56.0,59.0,984.0,972.0,983.0,719.0,683.0,816.0,83.7
10,11,2018-11-04 12:58:13,2018-11-04 13:08:14,601,9599.0,535.0,514.0,529.0,79708.0,76453.5,78804.0,22257.5,22224.5,22292.5,55.0,52.0,55.0,987.5,977.0,987.0,448.0,689.0,637.0,83.9
11,10,2018-11-04 13:08:15,2018-11-04 13:18:16,601,11607.0,509.0,520.0,542.0,78560.0,80009.0,83447.0,22455.0,22437.0,22577.0,59.0,64.0,59.0,933.0,939.0,975.0,459.0,687.0,634.0,85.0
10,11,2018-11-04 13:18:17,2018-11-04 13:28:18,601,9790.0,526.0,537.0,545.0,78325.0,79906.0,81271.0,22376.0,22381.0,22483.0,53.0,54.0,54.0,983.0,976.0,993.0,425.0,539.0,599.0,85.5
11,12,2018-11-04 13:28:19,2018-11-04 13:55:53,1654,12487.0,503.0,499.0,517.0,77501.0,76860.0,79794.0,22344.5,22324.5,22455.0,61.0,64.0,64.0,913.0,882.0,933.0,416.0,448.0,604.0,85.6
12,9,2018-11-04 13:55:54,2018-11-04 14:05:55,601,13458.0,506.0,476.5,521.0,80813.0,75785.0,83290.0,22363.5,22249.0,22439.0,62.0,73.0,71.0,878.0,821.0,920.0,414.0,417.0,601.0,84.6
9,10,2018-11-04 14:05:56,2018-11-04 14:47:37,2501,7731.0,522.0,518.0,520.0,75202.0,74652.0,74898.0,22239.0,22265.0,22375.0,49.0,44.0,51.0,999.0,996.0,999.0,423.0,419.0,601.0,84.9
10,11,2018-11-04 14:47:38,2018-11-04 14:57:39,601,9818.0,508.0,512.0,527.0,75470.0,76192.0,78245.0,22253.0,22302.0,22492.0,55.0,54.0,56.0,984.0,963.0,986.0,580.0,543.0,681.0,86.8
11,10,2018-11-04 14:57:40,2018-11-04 16:21:36,5036,10666.0,504.0,519.0,526.0,77696.0,80047.0,81067.0,22344.0,22398.0,22528.0,60.0,59.0,60.0,970.0,955.0,977.0,702.0,648.0,853.0,87.9
10,11,2018-11-04 16:21:37,2018-11-04 16:31:38,601,10315.0,479.0,488.0,495.0,71312.0,72629.0,73749.0,22615.0,22713.0,22872.0,59.0,58.0,59.0,974.0,951.0,974.0,650.0,643.0,859.0,87.3
11,10,2018-11-04 16:31:39,2018-11-04 16:45:13,814,10758.0,495.0,524.0,530.0,76322.0,80792.0,81734.0,22479.0,22570.0,22787.0,61.0,61.0,59.0,966.0,958.0,983.0,676.0,641.0,894.0,86.8
10,11,2018-11-04 16:45:14,2018-11-04 16:55:15,601,9860.0,489.0,496.0,505.0,72741.5,73911.5,75230.0,22610.0,22741.0,22862.0,57.0,56.0,59.0,983.0,959.5,985.0,676.0,641.0,894.0,86.7
11,10,2018-11-04 16:55:16,2018-11-04 18:43:40,6504,11335.0,501.0,511.0,515.0,77225.0,78749.0,79444.0,22514.0,22554.0,22653.0,62.0,61.0,62.0,951.0,939.0,959.0,567.0,655.0,878.0,83.3
10,9,2018-11-04 18:43:41,2018-11-04 20:00:07,4586,11916.0,494.0,503.0,519.0,73536.0,74993.0,77284.0,22524.0,22572.0,22662.0,59.0,60.0,58.0,920.0,907.0,943.0,438.0,340.0,546.0,82.0
9,10,2018-11-04 20:00:08,2018-11-04 20:46:51,2803,8097.0,520.0,530.0,526.0,74811.0,76344.0,75729.0,22301.0,22385.0,22410.0,51.0,44.0,50.0,999.0,997.0,998.0,414.0,331.0,546.0,81.6
10,11,2018-11-04 20:46:52,2018-11-04 20:56:53,601,9499.0,512.0,526.0,545.0,76330.0,78340.0,81240.5,22314.0,22362.0,22521.0,53.0,54.0,54.0,988.0,973.0,996.0,581.0,527.0,678.0,83.1
11,10,2018-11-04 20:56:54,2018-11-04 22:20:51,5037,11050.5,502.0,526.0,531.0,77421.0,81158.0,81829.0,22482.0,22524.0,22627.0,61.0,60.0,59.0,959.0,952.0,976.0,690.0,582.0,877.0,83.1
10,11,2018-11-04 22:20:52,2018-11-04 22:30:53,601,10318.0,460.0,492.0,491.0,68617.0,73283.0,73149.0,22391.0,22508.0,22488.0,60.0,59.0,57.0,953.0,951.0,974.0,658.0,558.0,887.0,82.5
11,10,2018-11-04 22:30:54,2018-11-04 23:17:56,2822,10935.0,510.0,526.0,523.0,78623.0,81097.0,80705.0,22452.0,22470.0,22552.0,61.0,58.0,61.0,970.0,952.0,970.0,631.0,527.0,866.0,82.5
10,9,2018-11-04 23:17:57,2018-11-04 23:27:58,601,9640.0,497.0,507.0,506.0,74104.0,75560.0,75515.0,22332.0,22334.0,22493.0,56.0,54.0,57.0,986.0,963.0,983.0,583.0,524.0,811.0,82.0
9,11,2018-11-04 23:27:59,2018-11-04 23:38:00,601,7226.0,467.0,501.0,526.0,67426.5,72247.0,75809.0,22241.0,22285.5,22532.0,46.0,53.0,52.0,999.0,988.0,987.0,584.0,524.0,810.0,81.4
11,10,2018-11-04 23:38:01,2018-11-05 00:54:37,4596,11499.0,512.5,527.0,529.0,79026.0,81222.0,81615.0,22475.0,22575.0,22615.0,61.0,61.0,61.0,949.0,935.0,968.0,453.0,495.0,754.0,82.0
10,9,2018-11-05 00:54:38,2018-11-05 01:12:32,1074,11988.0,492.0,509.0,520.0,73329.0,75848.0,77408.0,22694.0,22722.0,22881.0,59.0,61.0,59.0,919.0,902.0,952.0,334.0,220.0,580.0,82.0
9,10,2018-11-05 01:12:33,2018-11-05 01:27:08,875,11041.0,468.5,503.0,508.0,67389.0,72394.0,73283.0,22766.0,22847.0,22940.0,56.0,58.0,54.0,929.0,928.0,972.0,341.0,225.0,579.0,80.6
10,9,2018-11-05 01:27:09,2018-11-05 02:21:21,3252,12286.0,497.0,524.0,529.0,73967.0,77978.0,78815.0,22676.0,22673.0,22838.0,58.0,61.0,58.0,913.0,897.0,947.0,313.0,189.0,574.0,82.0
9,8,2018-11-05 02:21:23,2018-11-05 02:31:24,601,11444.0,502.0,523.0,461.0,71930.0,74820.0,66370.0,22561.0,22648.0,22685.0,63.0,47.0,57.0,948.0,941.0,878.0,295.0,182.0,573.0,81.4
8,9,2018-11-05 02:31:25,2018-11-05 02:41:26,601,7788.0,505.0,500.0,505.0,70447.0,69794.0,70524.0,22729.0,22679.0,22819.0,46.0,44.0,50.0,999.0,990.0,999.0,295.0,372.0,600.0,80.3
9,10,2018-11-05 02:41:27,2018-11-05 02:51:28,601,9214.0,498.0,505.0,507.0,71714.0,72781.0,73074.0,22627.0,22571.0,22732.0,52.0,50.0,54.0,989.0,974.0,990.0,465.0,534.0,715.0,80.3
10,11,2018-11-05 02:51:29,2018-11-05 03:22:29,1860,10083.0,518.0,531.0,539.0,77094.0,79173.0,80267.5,22748.5,22714.0,22818.0,55.0,55.0,56.0,982.0,969.0,990.0,606.0,581.0,792.0,82.0
11,10,2018-11-05 03:22:30,2018-11-05 07:14:09,13899,11456.0,506.0,528.0,531.0,78032.5,81448.0,81836.0,22678.0,22671.0,22837.0,61.0,62.0,61.0,954.0,943.0,970.0,649.0,510.0,883.0,80.4
10,9,2018-11-05 07:14:10,2018-11-05 07:58:01,2631,12241.0,528.0,522.0,542.0,78707.0,77656.0,80757.0,22833.0,22773.0,22931.0,55.0,58.0,59.0,949.0,900.0,954.0,294.0,258.0,535.0,80.4
9,8,2018-11-05 07:58:02,2018-11-05 08:51:12,3190,8922.0,504.0,510.0,525.0,72560.0,73488.0,75660.0,22465.0,22456.0,22580.0,50.0,51.0,52.0,991.0,978.0,997.0,362.0,475.0,597.0,80.9
8,1,2018-11-05 08:51:13,2018-11-05 09:01:14,601,8044.0,466.0,474.0,489.0,65018.0,66250.0,68298.0,22388.5,22393.0,22517.0,48.0,48.0,49.0,994.0,983.0,998.0,403.0,418.0,596.0,80.9
1,2,2018-11-05 09:01:15,2018-11-05 11:55:29,10454,0.0,0.0,0.0,0.0,0.0,0.0,0.0,23005.0,23056.0,23155.0,0.0,0.0,0.0,0.0,0.0,0.0,302.0,344.0,451.0,52.7
2,3,2018-11-05 11:55:30,2018-11-05 12:06:59,689,4066.0,307.0,314.0,327.0,35963.0,36876.0,38408.0,23022.0,23040.0,23192.0,36.0,36.0,37.0,993.0,999.0,986.0,275.0,333.0,425.0,54.4
3,9,2018-11-05 12:07:00,2018-11-05 12:17:01,601,4379.0,331.0,340.0,357.0,39853.0,41015.0,43115.0,22763.0,22774.5,22922.0,37.0,37.0,39.0,994.0,999.0,984.0,275.0,333.0,407.0,56.0
9,10,2018-11-05 12:17:02,2018-11-05 12:27:07,605,9485.0,506.0,503.0,531.0,72887.0,72541.0,76575.0,23005.0,22962.0,23159.0,51.0,54.0,54.0,990.0,963.0,996.0,411.0,402.0,603.0,67.6
10,11,2018-11-05 12:27:08,2018-11-05 13:16:54,2986,10209.0,520.0,536.0,547.0,77486.0,79779.0,81483.0,22837.0,22861.0,23042.0,55.0,56.0,56.0,983.0,967.0,992.0,476.0,447.0,662.0,75.0
11,10,2018-11-05 13:16:55,2018-11-05 14:28:43,4308,11520.0,515.0,525.0,537.0,79332.5,80940.5,82781.0,22775.0,22776.5,22954.5,61.0,61.0,61.0,961.0,938.0,972.0,601.0,502.0,777.0,78.1
10,1,2018-11-05 14:28:44,2018-11-05 14:38:45,601,10827.0,454.0,481.0,481.0,67657.0,71622.0,71689.0,22275.0,22326.0,22436.0,61.0,60.0,58.0,931.0,933.0,952.0,522.0,524.0,730.0,78.2
1,2,2018-11-05 14:38:46,2018-11-05 14:50:32,706,0.0,0.0,0.0,0.0,0.0,0.0,0.0,23467.0,23534.0,23639.0,0.0,0.0,0.0,0.0,0.0,0.0,519.0,523.0,730.0,65.8
2,11,2018-11-05 14:50:33,2018-11-05 15:00:34,601,5587.0,250.0,270.0,303.0,29254.0,31651.5,35500.5,23035.0,23116.0,23292.0,36.5,50.5,40.0,942.0,941.0,998.0,541.0,547.0,744.0,63.0
11,10,2018-11-05 15:00:35,2018-11-05 15:13:30,775,12835.0,503.0,514.0,521.0,77505.0,79232.0,80340.0,23160.0,23116.0,23248.0,65.0,66.0,66.0,924.0,902.0,941.0,400.0,466.0,686.0,70.3
10,9,2018-11-05 15:13:31,2018-11-05 15:28:39,908,11560.0,502.0,512.0,521.0,74809.0,76252.0,77617.0,23073.0,23050.0,23215.0,59.0,61.0,60.0,950.0,931.0,969.0,367.0,308.0,682.0,75.0
9,10,2018-11-05 15:28:40,2018-11-05 15:38:41,601,10796.0,505.0,479.0,512.0,72792.0,68954.0,73817.0,23145.0,23016.0,23195.0,52.0,55.0,61.0,985.0,905.0,972.0,374.0,300.0,633.0,75.6
10,9,2018-11-05 15:38:42,2018-11-05 16:06:01,1639,12551.0,505.0,509.0,519.0,75195.5,75805.0,77408.0,23073.0,23070.0,23208.5,61.0,61.0,62.0,927.0,893.0,934.0,340.0,274.0,558.0,77.1
9,10,2018-11-05 16:06:02,2018-11-05 16:27:31,1289,11520.0,501.0,508.0,522.0,72082.0,73043.0,75282.0,23074.0,23024.0,23167.0,54.0,56.0,57.0,951.0,911.0,962.0,282.0,187.0,479.0,78.2
10,8,2018-11-05 16:27:32,2018-11-05 16:37:33,601,12528.0,531.0,541.5,513.0,79090.0,80800.0,76366.0,22860.0,22898.0,22920.0,62.0,54.0,60.0,938.0,918.0,910.0,280.0,170.0,473.0,78.2
8,7,2018-11-05 16:37:34,2018-11-05 16:52:23,889,7856.0,526.0,516.0,527.0,73373.0,71948.0,73496.0,23117.0,23075.0,23160.0,48.0,42.0,51.0,996.0,995.0,999.0,263.0,181.0,472.0,78.2
7,2,2018-11-05 16:52:24,2018-11-05 17:02:25,601,7326.0,483.0,481.0,490.0,65381.0,65038.0,66258.0,23191.0,23218.0,23121.0,46.0,41.0,48.0,999.0,996.0,999.0,278.0,219.0,464.0,79.8
2,1,2018-11-05 17:02:26,2018-11-05 17:42:07,2381,4380.0,315.0,319.0,319.0,36953.0,37465.0,37387.5,22915.0,23014.5,22958.0,37.0,32.0,37.0,997.0,999.0,998.0,267.0,225.0,432.0,71.3
1,2,2018-11-05 17:42:08,2018-11-05 17:52:09,601,4109.0,279.0,290.0,290.0,31840.5,33129.0,33128.0,23004.0,23068.5,23057.5,35.0,33.0,35.0,999.0,999.0,998.0,310.0,298.0,430.0,69.0
2,3,2018-11-05 17:52:10,2018-11-05 19:13:22,4872,3497.0,323.0,324.0,333.0,37887.0,38053.0,39091.0,22772.0,22761.0,22852.0,34.0,31.0,36.0,973.0,994.0,981.0,143.0,222.0,267.0,67.4
3,4,2018-11-05 19:13:23,2018-11-05 20:07:02,3219,3522.0,362.0,358.0,360.0,43688.0,43097.0,43473.5,22688.0,22656.0,22762.0,36.0,32.0,37.0,963.0,977.0,982.0,113.0,205.0,249.0,66.4
4,9,2018-11-05 20:07:03,2018-11-05 20:17:04,601,3776.0,395.0,389.0,391.0,48925.0,48145.5,48364.0,22555.0,22508.0,22642.5,38.0,33.0,38.0,963.0,977.0,982.0,112.0,204.0,247.0,66.3
9,10,2018-11-05 20:17:05,2018-11-05 20:27:06,601,10553.0,502.0,512.0,519.0,70854.0,72057.0,73227.0,23076.0,23072.0,23248.0,56.0,55.0,56.0,970.0,956.0,976.0,487.0,466.0,581.0,71.6
10,11,2018-11-05 20:27:07,2018-11-05 21:31:19,3852,10464.0,504.0,521.0,529.0,75067.0,77544.0,78884.0,22905.0,22925.0,23069.0,57.0,58.0,58.0,975.0,961.0,986.0,591.0,552.0,725.0,76.8
11,10,2018-11-05 21:31:20,2018-11-05 21:47:31,971,11833.0,496.0,530.0,533.0,76520.0,81739.0,82173.0,22950.0,22990.0,23125.0,63.0,66.0,61.0,934.0,945.0,973.0,612.0,589.0,821.0,76.8
10,9,2018-11-05 21:47:32,2018-11-05 22:03:36,964,10250.0,511.0,524.0,530.0,76103.0,78119.0,78911.0,22953.0,22971.0,23154.0,56.0,56.0,58.0,984.0,962.0,990.0,578.0,520.0,790.0,76.8
9,10,2018-11-05 22:03:37,2018-11-05 22:13:38,601,9208.0,490.0,516.0,496.0,70503.0,74498.0,71524.0,23024.0,23083.0,23214.0,57.0,52.0,54.0,992.0,984.0,990.0,573.0,552.0,769.0,77.3
10,11,2018-11-05 22:13:39,2018-11-05 22:23:40,601,10518.0,498.0,521.0,517.0,74219.0,77620.0,76985.0,22958.0,23034.0,23160.0,59.0,57.0,58.0,973.0,962.0,982.0,619.0,574.0,788.0,77.3
11,10,2018-11-05 22:23:41,2018-11-05 23:00:50,2229,12053.0,518.0,515.0,528.0,79814.0,79396.0,81334.0,22879.0,22868.0,23012.0,63.0,62.0,65.0,952.0,920.0,952.0,611.0,498.0,659.0,77.8
10,9,2018-11-05 23:00:51,2018-11-05 23:53:55,3184,12186.0,496.0,512.0,525.0,73958.5,76289.0,78183.0,22763.0,22760.0,22951.0,59.0,61.0,59.0,927.0,904.0,942.0,381.0,291.0,470.0,78.4
9,10,2018-11-05 23:53:56,2018-11-06 00:13:25,1169,11455.5,470.0,506.0,500.0,67711.0,72828.0,72112.0,22583.0,22637.5,22824.5,58.0,57.0,53.0,915.0,923.0,939.5,366.0,232.0,442.0,78.3
10,9,2018-11-06 00:13:26,2018-11-06 00:38:36,1510,12469.0,509.0,526.0,529.0,75873.0,78399.0,78767.0,22586.0,22605.0,22770.0,59.0,58.0,58.0,920.0,897.0,929.0,352.0,225.0,503.0,78.9
9,10,2018-11-06 00:38:37,2018-11-06 00:48:38,601,12361.0,501.0,445.0,432.0,72190.0,64117.0,62254.0,23081.0,23047.0,23061.0,59.0,52.0,75.0,960.0,771.0,850.0,333.0,220.0,469.0,78.9
10,9,2018-11-06 00:48:39,2018-11-06 00:58:40,601,nan,nan,nan,nan,nan,nan,nan,nan,nan,nan,nan,nan,nan,nan,nan,nan,nan,nan,nan,nan
9,7,2018-11-06 00:58:41,2018-11-06 01:08:42,601,11707.0,486.0,502.0,505.0,70010.0,72225.5,72732.0,22854.0,22860.0,22874.0,57.0,56.0,56.0,924.0,911.0,936.0,409.0,316.0,527.0,78.3
7,10,2018-11-06 01:08:43,2018-11-06 01:18:44,601,8170.0,458.5,470.0,440.5,61980.0,63560.0,59523.0,22824.0,22869.0,22866.0,52.0,42.0,48.0,991.0,995.0,975.0,411.0,361.0,530.0,77.3
10,11,2018-11-06 01:18:45,2018-11-06 02:15:35,3410,9924.0,526.0,532.0,531.0,78407.0,79262.5,79111.5,22655.0,22653.0,22726.0,56.0,51.0,56.0,989.0,977.0,986.0,642.0,584.0,766.0,81.0
11,10,2018-11-06 02:15:36,2018-11-06 03:59:01,6205,11187.0,517.0,525.0,530.0,79696.0,80963.0,81781.0,22649.0,22650.0,22832.0,61.0,60.0,62.0,971.0,949.0,971.0,727.0,672.0,799.0,81.0
10,11,2018-11-06 03:59:02,2018-11-06 04:09:03,601,10014.0,504.0,506.0,527.0,75007.0,75315.0,78552.0,22658.0,22630.0,22794.5,55.0,56.0,58.0,986.0,959.0,989.0,644.0,594.0,704.0,80.4
11,10,2018-11-06 04:09:04,2018-11-06 06:01:31,6747,11895.0,519.0,519.0,527.0,79925.0,79964.0,81266.0,22687.0,22658.0,22801.0,63.0,60.0,63.0,955.0,928.0,944.0,645.0,579.0,535.5,80.4
10,9,2018-11-06 06:01:32,2018-11-06 06:47:21,2749,12046.0,520.0,519.0,536.0,77416.0,77263.0,79891.0,22634.0,22614.0,22765.0,57.0,58.0,58.0,942.0,915.0,949.0,353.0,377.0,429.0,80.4
9,10,2018-11-06 06:47:22,2018-11-06 06:59:14,712,11166.0,509.0,503.0,519.0,73324.0,72387.0,74644.0,22523.0,22503.0,22659.0,54.0,52.0,55.0,953.0,921.0,947.0,310.0,247.0,338.0,80.4
10,9,2018-11-06 06:59:15,2018-11-06 07:09:16,601,11779.0,545.0,560.0,531.0,81007.0,83494.0,79017.0,22472.0,22488.0,22564.0,60.0,50.0,55.0,954.0,953.0,928.0,309.0,278.0,336.0,80.4
9,10,2018-11-06 07:09:17,2018-11-06 07:38:12,1735,8764.0,511.0,514.0,528.0,73560.0,74029.5,76057.0,22480.0,22457.0,22617.0,50.0,50.0,50.0,993.0,985.0,995.0,473.0,539.0,421.0,80.4
10,11,2018-11-06 07:38:13,2018-11-06 07:48:14,601,10612.5,523.5,519.0,544.0,77932.0,77188.5,80872.0,22627.5,22574.0,22758.0,55.0,56.0,56.0,976.0,954.0,980.0,538.5,575.5,495.0,81.5
11,10,2018-11-06 07:48:15,2018-11-06 10:16:35,8900,11573.0,534.0,537.0,546.0,82331.5,82765.0,84166.0,22898.0,22941.0,23023.5,61.0,59.0,62.0,969.0,952.0,968.0,662.0,605.0,671.0,82.6
10,9,2018-11-06 10:16:36,2018-11-06 11:35:50,4754,11631.0,518.0,515.0,535.0,77096.0,76660.5,79736.0,22988.0,23000.0,23144.0,59.0,58.0,59.0,952.0,933.0,960.0,432.0,440.0,401.0,82.3
9,8,2018-11-06 11:35:51,2018-11-06 12:28:04,3133,11729.0,505.0,514.0,531.0,72771.0,74004.0,76568.0,23020.0,23065.0,23187.0,56.0,56.0,55.0,940.0,925.0,951.0,292.0,255.0,258.0,82.8
8,9,2018-11-06 12:28:05,2018-11-06 13:08:48,2443,8934.0,518.0,496.0,511.0,72291.0,69166.0,71316.0,22807.0,22857.0,22922.0,49.0,43.0,50.0,998.0,984.0,985.0,323.0,329.0,222.0,82.4
9,10,2018-11-06 13:08:49,2018-11-06 13:18:50,601,9529.0,527.0,519.0,546.0,75804.0,74691.0,78590.0,22693.0,22865.0,22934.0,51.0,50.0,51.0,991.0,975.0,992.0,427.0,456.0,342.0,82.9
10,11,2018-11-06 13:18:51,2018-11-06 13:28:52,601,10769.0,511.0,518.0,532.0,76076.0,77112.0,79216.5,22610.0,22770.0,22811.0,57.0,56.0,56.0,969.0,956.0,974.0,608.0,506.0,533.5,83.9
11,10,2018-11-06 13:28:53,2018-11-06 15:52:31,8618,12003.0,521.0,528.0,533.0,80322.0,81317.0,82191.0,22719.0,22769.0,22824.0,63.0,60.0,61.0,948.0,940.0,951.0,524.0,576.0,638.0,85.6
10,9,2018-11-06 15:52:32,2018-11-06 16:53:43,3671,12514.0,508.0,509.0,521.0,75640.0,75860.0,77692.0,22774.0,22803.0,22916.0,61.0,60.0,59.0,925.0,912.0,929.0,327.0,366.0,339.0,83.9
9,8,2018-11-06 16:53:44,2018-11-06 17:06:07,743,11986.5,512.0,485.0,498.0,73711.0,69935.0,71740.5,22942.0,22980.5,23066.0,57.0,53.0,59.0,953.0,894.0,925.0,317.0,313.0,389.0,83.9
8,9,2018-11-06 17:06:08,2018-11-06 17:30:49,1481,11406.0,444.0,475.0,491.0,61912.0,66224.0,68599.0,23114.0,23179.0,23361.0,57.0,58.0,50.0,889.0,914.0,955.0,308.0,297.0,287.0,81.7
9,8,2018-11-06 17:30:50,2018-11-06 18:01:44,1854,12083.0,482.0,515.0,520.0,69406.0,74217.5,74842.0,22838.0,22925.0,23119.0,58.0,59.0,52.0,895.0,914.0,943.0,281.0,213.0,336.0,82.2
8,7,2018-11-06 18:01:45,2018-11-06 18:13:54,729,11618.5,475.0,456.0,463.0,66254.0,63656.0,64595.0,22976.0,22979.0,23072.0,55.0,52.0,60.0,935.0,856.0,905.0,258.0,187.0,336.0,82.2
7,8,2018-11-06 18:13:55,2018-11-06 18:23:56,601,10878.0,435.0,417.5,447.0,58810.0,56380.0,60461.0,23020.0,23027.0,23165.0,50.0,54.0,58.0,922.0,843.0,922.0,258.0,187.0,288.0,80.6
8,9,2018-11-06 18:23:57,2018-11-06 18:40:24,987,9108.0,510.0,484.0,503.0,71160.0,67519.5,70217.0,22697.0,22760.0,22891.0,50.0,45.0,50.0,997.0,978.0,975.0,361.0,458.0,314.0,80.6
9,10,2018-11-06 18:40:25,2018-11-06 19:12:56,1951,9188.0,511.0,503.0,526.0,73613.0,72406.0,75702.0,22507.0,22556.0,22709.0,51.0,50.0,52.0,993.0,975.0,991.0,519.0,531.0,430.0,82.7
10,11,2018-11-06 19:12:57,2018-11-06 19:22:58,601,11213.0,467.0,501.5,511.0,69887.0,74715.0,76480.0,22595.0,22690.0,22873.0,61.0,62.0,54.0,919.0,948.0,967.5,635.0,637.0,547.0,82.7
11,10,2018-11-06 19:22:59,2018-11-06 21:56:17,9198,12200.0,517.0,510.0,527.0,79629.0,78648.0,81177.0,22928.0,23007.0,23018.0,63.0,62.0,65.0,949.0,923.0,947.0,668.0,642.0,650.0,83.1
10,9,2018-11-06 21:56:18,2018-11-06 22:36:11,2393,11583.0,490.0,481.0,514.0,72900.0,71697.0,76575.0,22642.0,22660.0,22820.0,60.0,60.0,60.0,934.0,917.0,943.0,553.0,566.0,347.0,81.0
9,10,2018-11-06 22:36:12,2018-11-06 22:51:20,908,11293.0,483.0,451.0,469.0,69565.0,64983.0,67523.0,22642.0,22707.0,22823.0,59.0,54.0,62.0,951.0,893.0,907.0,415.0,350.0,311.0,80.5
10,9,2018-11-06 22:51:21,2018-11-06 23:01:22,601,12019.0,520.0,514.0,527.0,77482.0,76650.0,78454.0,22520.0,22668.0,22892.0,61.0,57.0,57.0,939.0,924.0,938.0,369.0,363.0,400.0,79.9
9,8,2018-11-06 23:01:23,2018-11-06 23:15:03,820,11084.0,490.0,496.0,516.0,70544.0,71483.0,74394.0,22513.0,22643.0,22837.0,56.0,56.0,53.0,937.0,928.0,956.0,354.0,311.0,311.0,80.0
8,9,2018-11-06 23:15:04,2018-11-06 23:25:05,601,9241.0,501.0,450.0,518.0,69940.0,62705.0,72253.0,22351.0,22367.0,22649.0,45.0,49.0,55.0,997.0,916.0,984.0,347.0,291.0,327.0,80.5
9,10,2018-11-06 23:25:06,2018-11-06 23:35:07,601,10571.0,506.0,500.0,527.0,72972.0,71812.0,75835.0,22185.0,22304.0,22540.0,52.0,52.0,54.0,966.0,925.5,965.0,374.0,284.0,317.0,81.0
10,9,2018-11-06 23:35:08,2018-11-06 23:45:39,631,12213.0,509.0,516.0,530.0,75870.0,76700.0,78958.0,22249.0,22434.0,22591.0,59.0,58.0,58.0,921.0,899.0,931.0,396.0,304.0,323.0,81.0
9,10,2018-11-06 23:45:40,2018-11-06 23:55:41,601,11514.0,472.0,495.0,515.0,67900.0,71259.0,74073.0,22445.0,22615.0,22806.0,57.0,58.0,52.0,907.0,913.0,948.0,391.0,295.0,348.0,81.5
10,9,2018-11-06 23:55:42,2018-11-07 00:45:48,3006,13031.0,498.0,477.0,489.0,74128.0,70989.0,72869.0,22596.5,22689.0,22744.0,63.0,60.0,66.0,898.0,836.0,870.0,372.0,288.0,326.0,80.5
9,7,2018-11-07 00:45:49,2018-11-07 00:55:50,601,11817.0,517.0,513.0,434.0,74383.0,73952.0,62474.0,22707.0,22926.0,22782.0,71.0,42.0,60.0,957.0,970.0,794.0,369.0,273.0,314.0,80.0
7,8,2018-11-07 00:55:51,2018-11-07 01:08:43,772,8496.0,393.0,488.0,395.0,53510.0,66026.5,53682.0,22464.0,22931.0,22913.0,69.0,43.0,39.0,933.0,995.0,900.0,379.0,321.0,330.0,74.2
8,7,2018-11-07 01:08:44,2018-11-07 01:23:54,910,8335.5,494.0,509.0,483.5,68917.0,71073.0,67519.5,22215.0,22366.0,22457.0,52.0,43.0,45.0,992.0,998.0,985.0,380.0,321.0,330.0,76.3
7,9,2018-11-07 01:23:55,2018-11-07 01:33:56,601,7484.0,468.0,477.0,461.0,63368.0,64514.0,62375.5,22489.0,22585.0,22645.0,49.0,41.0,44.0,997.0,999.0,991.0,380.0,321.0,330.0,77.5
9,11,2018-11-07 01:33:57,2018-11-07 01:43:58,601,9158.0,512.0,514.0,517.0,73759.0,73987.0,74422.0,22411.0,22497.0,22494.0,53.0,48.0,51.0,989.0,987.0,986.0,460.0,476.0,455.0,79.4
11,12,2018-11-07 01:43:59,2018-11-07 03:03:35,4776,11339.0,516.0,517.0,526.0,79513.0,79771.0,81135.0,22333.0,22394.0,22600.0,60.0,60.0,61.0,959.0,937.0,960.0,671.0,607.0,731.0,81.0
12,11,2018-11-07 03:03:36,2018-11-07 03:13:37,601,12260.0,532.0,534.0,532.0,85073.0,85096.0,84800.0,22261.0,22293.0,22476.0,64.0,61.0,65.0,952.0,926.0,940.0,660.0,606.0,700.0,81.0
11,10,2018-11-07 03:13:38,2018-11-07 04:21:15,4057,11679.0,516.0,508.0,524.0,79642.0,78314.0,80776.0,22550.0,22471.0,22630.0,61.0,60.0,63.0,958.0,928.0,949.0,628.0,575.0,653.0,81.0
10,9,2018-11-07 04:21:16,2018-11-07 04:51:18,1802,11557.0,477.0,475.0,505.0,70938.0,70786.0,75392.0,22570.0,22489.0,22711.0,59.0,60.0,60.0,932.0,909.0,940.0,604.0,474.0,351.0,80.0
9,10,2018-11-07 04:51:19,2018-11-07 05:01:20,601,10334.0,481.0,485.0,493.0,69370.5,69930.5,71131.5,22384.0,22308.0,22573.5,56.0,53.0,53.0,960.0,949.0,956.0,437.0,339.0,312.0,77.8
10,9,2018-11-07 05:01:21,2018-11-07 07:01:58,7237,11911.0,515.0,526.0,535.0,76675.5,78425.0,79768.0,22341.0,22226.0,22492.0,58.0,56.0,56.0,935.0,920.0,935.0,381.0,288.0,312.0,81.0
9,8,2018-11-07 07:01:59,2018-11-07 07:12:00,601,10320.0,519.0,544.0,443.0,74686.0,78289.0,63865.0,22149.0,22323.0,22169.0,68.0,40.0,49.0,964.0,999.0,853.0,347.0,270.0,381.0,82.6
8,9,2018-11-07 07:12:01,2018-11-07 07:48:42,2201,6752.0,517.0,500.0,517.0,72128.0,69769.0,72164.0,22111.0,22084.0,22222.0,45.0,40.0,46.0,994.0,999.0,999.0,263.0,307.0,315.0,81.5
9,10,2018-11-07 07:48:43,2018-11-07 07:58:44,601,8806.5,526.0,521.0,526.0,75800.0,75070.0,75905.0,22148.0,22123.5,22243.0,50.0,46.0,49.5,995.5,986.0,989.0,344.0,422.0,365.0,82.1
10,9,2018-11-07 07:58:45,2018-11-07 08:52:41,3236,9327.0,534.0,530.0,548.0,79534.0,78980.0,81674.0,22228.0,22286.0,22388.0,53.0,52.0,53.0,992.0,982.0,994.0,569.0,598.0,534.0,84.2
9,2,2018-11-07 08:52:42,2018-11-07 09:02:43,601,8553.0,505.0,501.0,518.0,72930.0,72468.0,74948.0,22455.0,22573.0,22461.0,52.0,48.0,52.0,996.0,990.0,995.0,573.0,553.0,543.0,84.2
2,3,2018-11-07 09:02:44,2018-11-07 09:12:45,601,3922.0,304.0,306.0,318.0,35642.5,35927.0,37321.0,22979.0,23011.0,23090.0,37.0,35.0,37.0,991.0,999.0,991.0,500.0,514.0,470.0,76.8
3,4,2018-11-07 09:12:46,2018-11-07 09:25:14,748,4099.5,334.0,336.0,352.0,40318.0,40530.0,42405.0,22801.0,22835.0,22936.5,38.0,36.0,38.0,988.0,998.0,986.0,444.5,493.0,404.5,73.7
4,3,2018-11-07 09:25:15,2018-11-07 10:05:20,2405,4378.0,365.0,367.0,391.0,45244.5,45496.5,48411.5,22657.0,22706.0,22827.0,39.0,38.0,39.0,986.0,998.0,982.0,387.0,460.0,280.0,72.3
3,4,2018-11-07 10:05:21,2018-11-07 11:03:46,3505,4161.0,329.0,335.0,359.0,39705.0,40384.0,43279.0,22761.0,22784.0,22928.0,37.0,37.0,37.0,990.0,999.0,982.0,397.0,458.0,284.0,69.9
4,3,2018-11-07 11:03:47,2018-11-07 11:16:14,747,4434.0,359.0,366.0,389.0,44479.5,45242.0,48212.0,22726.0,22756.0,22865.0,39.0,38.0,39.0,988.0,999.0,982.0,442.0,494.0,355.0,68.5
3,4,2018-11-07 11:16:15,2018-11-07 11:31:48,933,4378.0,325.0,336.0,355.0,39204.0,40534.0,42811.0,22852.0,22908.0,22995.0,37.0,38.0,38.0,996.0,999.0,985.0,460.0,503.0,370.0,68.5
4,3,2018-11-07 11:31:49,2018-11-07 11:47:14,925,4505.0,363.0,372.0,384.0,44904.0,46024.0,47593.0,22876.0,22889.0,23003.0,40.0,38.0,39.0,991.0,997.0,985.0,460.0,497.0,370.0,67.9
3,4,2018-11-07 11:47:15,2018-11-07 12:08:13,1258,4061.0,334.0,340.0,355.0,40230.0,40983.0,42766.0,22889.0,22934.0,23111.0,38.0,36.0,38.0,988.0,996.0,984.0,450.0,494.0,363.0,67.9
4,10,2018-11-07 12:08:14,2018-11-07 12:18:15,601,5087.0,348.0,366.0,376.0,43188.0,45289.0,46594.0,22621.0,22683.0,22831.0,40.0,40.0,39.0,999.0,999.0,991.0,468.0,497.0,377.0,67.4
10,11,2018-11-07 12:18:16,2018-11-07 12:28:17,601,10194.0,540.0,525.0,542.0,80420.0,78223.0,80708.0,22701.5,22730.0,22880.0,56.0,53.0,57.0,989.0,973.0,980.0,554.0,589.0,497.0,72.3
11,10,2018-11-07 12:28:18,2018-11-07 13:35:44,4046,11744.0,538.0,518.0,544.0,82985.5,79865.0,83821.0,22785.0,22826.0,22974.0,61.0,59.0,63.0,970.0,936.0,959.0,697.0,650.0,608.0,77.5
10,9,2018-11-07 13:35:45,2018-11-07 15:17:28,6103,11969.0,507.0,513.0,523.0,75415.0,76379.5,77962.0,22721.0,22719.0,22863.0,60.0,59.0,58.0,934.0,928.0,940.0,483.0,418.0,451.0,79.1
9,8,2018-11-07 15:17:29,2018-11-07 16:56:01,5912,8912.5,509.0,504.0,531.0,73279.0,72549.0,76457.0,22664.0,22666.0,22817.5,51.0,51.0,52.0,994.0,983.0,997.0,519.0,589.0,564.0,81.7
8,3,2018-11-07 16:56:02,2018-11-07 17:06:03,601,7957.0,485.0,473.0,503.0,67725.0,66051.0,70185.0,22879.0,22868.0,22997.0,49.0,48.0,51.0,999.0,989.0,999.0,547.0,562.0,583.0,82.8
3,4,2018-11-07 17:06:04,2018-11-07 20:06:55,10851,4372.0,335.0,333.0,353.0,40374.0,40098.0,42524.0,22984.0,22985.0,23081.0,39.0,37.0,39.0,991.0,999.0,993.0,478.0,522.0,448.0,69.5
4,9,2018-11-07 20:06:56,2018-11-07 20:16:57,601,4759.0,371.0,352.0,378.0,45960.0,43584.0,46825.0,22769.0,22746.0,22893.0,41.0,37.0,41.0,987.0,999.0,998.0,478.0,522.0,436.0,67.0
9,11,2018-11-07 20:16:58,2018-11-07 20:26:59,601,9134.0,497.0,483.5,517.5,71504.0,69620.5,74503.5,22388.0,22382.5,22556.0,51.5,52.0,52.0,989.5,974.0,990.5,564.0,570.0,503.0,68.9
11,10,2018-11-07 20:27:00,2018-11-07 20:55:45,1725,11606.0,509.0,521.0,539.0,78427.0,80369.0,83135.0,22944.0,22991.0,23133.0,63.0,63.0,61.0,953.0,952.0,970.0,821.0,709.0,790.0,76.3
10,11,2018-11-07 20:55:46,2018-11-07 21:05:47,601,10690.0,490.0,492.0,518.0,73037.0,73313.0,77237.0,23105.5,23143.0,23308.5,59.0,61.0,59.0,969.0,954.0,983.0,828.0,674.0,821.0,76.9
11,10,2018-11-07 21:05:48,2018-11-07 21:28:20,1352,11199.0,521.0,524.0,530.0,80305.0,80722.0,81704.0,22908.0,22942.0,23069.0,64.0,59.0,61.0,970.0,967.0,964.0,818.0,671.0,819.0,76.8
10,9,2018-11-07 21:28:21,2018-11-07 22:34:32,3971,10374.0,527.0,498.0,527.0,78555.0,74210.0,78505.0,22948.0,22919.0,23032.0,58.0,54.0,59.0,991.0,967.0,972.0,709.0,619.0,487.0,77.9
9,8,2018-11-07 22:34:33,2018-11-07 22:59:04,1471,9627.0,519.0,508.0,524.0,74718.0,73198.0,75493.0,22853.5,22855.0,22968.0,54.0,51.0,52.0,990.0,980.0,982.0,510.0,461.0,420.0,79.0
8,9,2018-11-07 22:59:05,2018-11-07 23:09:06,601,9151.0,496.0,475.0,507.0,69268.0,66403.0,70895.0,22819.0,22801.0,22948.0,51.0,49.0,51.0,990.0,971.0,988.0,432.0,388.0,423.0,79.6
9,8,2018-11-07 23:09:07,2018-11-07 23:19:21,614,9724.0,524.0,508.0,532.0,75640.0,73100.0,76664.0,22649.0,22653.0,22753.0,53.0,49.0,53.0,990.0,973.0,980.0,423.0,347.0,407.0,80.6
8,10,2018-11-07 23:19:22,2018-11-07 23:29:23,601,8973.0,504.0,484.0,493.0,70364.0,67551.0,68840.0,22632.0,22596.0,22697.0,53.0,44.0,50.0,993.0,988.0,971.0,417.0,373.0,407.0,80.6
10,9,2018-11-07 23:29:24,2018-11-07 23:54:21,1497,12282.0,513.0,520.0,534.0,76495.0,77396.0,79535.5,22898.0,22891.0,23046.0,60.0,59.0,59.0,934.0,917.0,938.0,477.0,331.0,454.0,80.6
9,10,2018-11-07 23:54:22,2018-11-08 00:04:23,601,11751.0,508.0,491.0,509.0,72969.0,70591.0,73161.0,23095.0,23100.0,23189.0,58.0,53.0,59.0,958.0,903.0,935.0,465.0,296.0,464.0,81.1
10,9,2018-11-08 00:04:24,2018-11-08 00:14:36,612,12833.0,508.0,536.0,534.0,75671.0,79777.0,79484.0,22973.0,23050.0,23204.0,63.0,59.0,58.0,914.0,914.0,921.0,473.0,281.0,447.0,81.1
9,8,2018-11-08 00:14:37,2018-11-08 00:46:15,1898,12153.0,479.0,481.0,498.0,68983.0,69313.0,71696.0,23121.0,23143.0,23247.0,59.0,58.0,61.0,922.0,887.0,923.0,476.0,304.0,516.0,80.6
8,7,2018-11-08 00:46:16,2018-11-08 01:26:02,2386,7665.0,505.0,505.0,501.0,70443.0,70488.5,69866.0,22675.0,22700.0,22816.0,50.0,42.0,49.0,998.0,998.0,995.0,476.0,304.0,506.0,79.5
7,8,2018-11-08 01:26:03,2018-11-08 01:36:04,601,6946.0,482.0,471.0,473.0,65153.0,63708.0,64004.0,22933.0,22960.0,23043.0,48.0,39.0,48.0,997.0,999.0,997.0,476.0,304.0,506.0,80.0
8,10,2018-11-08 01:36:05,2018-11-08 01:46:06,601,7658.0,506.0,499.0,504.0,70567.0,69592.0,70397.0,22777.0,22768.0,22858.0,50.0,42.0,50.0,999.0,997.0,995.0,494.0,321.0,523.0,80.0
10,11,2018-11-08 01:46:07,2018-11-08 05:48:00,14513,9371.0,524.0,523.0,535.0,77983.0,77922.5,79640.0,22667.0,22681.0,22796.0,56.0,51.0,57.0,997.0,978.0,990.0,751.0,490.0,770.0,82.6
11,10,2018-11-08 05:48:01,2018-11-08 05:58:02,601,12366.0,495.0,493.0,513.0,76328.0,76067.0,79113.0,22783.0,22750.5,22939.0,66.0,64.0,64.0,929.0,909.0,921.0,664.0,531.0,543.0,81.0
10,9,2018-11-08 05:58:03,2018-11-08 06:08:19,616,11212.0,509.0,498.0,526.0,75724.0,74271.0,78301.0,22754.0,22743.0,22878.0,58.0,57.0,60.0,967.0,929.0,958.0,567.0,448.0,513.0,80.5
9,10,2018-11-08 06:08:20,2018-11-08 06:18:21,601,9653.0,482.0,505.5,497.0,69281.0,73054.0,71489.0,22513.0,22593.0,22692.0,60.0,51.0,51.0,971.0,981.0,980.0,566.0,441.0,513.0,80.5
10,9,2018-11-08 06:18:23,2018-11-08 07:04:05,2742,11855.0,489.0,484.0,508.0,72797.0,72041.0,75677.0,22721.0,22689.0,22854.0,61.0,62.0,60.0,929.0,909.0,941.0,503.0,352.0,513.0,80.5
9,10,2018-11-08 07:04:06,2018-11-08 07:43:07,2341,9125.0,508.0,512.0,533.0,73088.0,73667.0,76775.0,22774.0,22739.0,22932.0,51.0,50.0,53.0,995.0,976.0,994.0,513.0,388.0,538.0,80.5
10,9,2018-11-08 07:43:08,2018-11-08 09:33:11,6603,10454.5,498.0,517.0,531.0,74228.0,77032.0,79109.0,22780.5,22873.0,23041.0,57.0,57.0,57.0,977.0,954.0,984.0,639.0,398.0,680.0,81.5
9,10,2018-11-08 09:33:12,2018-11-08 09:59:54,1602,8887.0,486.0,499.0,520.0,69951.0,71939.0,74916.0,22820.5,22871.0,23017.0,52.0,52.0,54.0,994.0,974.0,997.0,616.0,393.0,668.0,81.6
10,6,2018-11-08 09:59:55,2018-11-08 10:09:56,601,9727.0,527.0,527.0,552.0,78573.0,78521.0,82215.0,22852.0,22871.5,23004.0,55.0,52.0,58.0,997.0,969.0,992.0,675.0,427.0,679.0,81.6
6,4,2018-11-08 10:09:57,2018-11-08 10:19:58,601,6503.0,398.0,410.0,432.0,52129.0,53692.0,56811.0,22731.0,22764.0,22921.0,45.0,44.0,46.0,999.0,987.0,999.0,627.0,413.0,609.0,80.0
4,3,2018-11-08 10:19:59,2018-11-08 10:32:18,739,5232.0,331.0,362.0,375.0,41028.0,44819.0,46478.0,22641.0,22697.0,22861.0,40.0,41.0,41.0,999.0,992.0,992.0,579.0,348.0,532.0,75.8
3,4,2018-11-08 10:32:19,2018-11-08 10:42:20,601,4994.5,300.0,335.5,339.0,36248.0,40434.0,40808.5,22657.0,22728.0,22878.5,39.0,40.0,39.0,994.0,993.0,995.0,556.0,328.0,524.0,73.8
4,3,2018-11-08 10:42:21,2018-11-08 10:58:48,987,5583.0,328.0,372.0,367.0,40620.0,46078.0,45487.0,22655.0,22742.0,22865.0,42.0,41.5,39.5,992.0,995.0,997.0,506.0,303.0,492.0,72.6
3,2,2018-11-08 10:58:49,2018-11-08 11:08:50,601,5647.0,289.0,347.0,326.0,34667.0,41807.0,39232.0,22777.0,22918.0,23045.0,44.0,42.0,37.0,967.0,994.0,999.0,486.0,302.0,492.0,71.6
2,3,2018-11-08 11:08:51,2018-11-08 12:06:39,3468,4398.0,297.0,318.0,336.0,34834.0,37257.0,39360.0,22795.0,22849.0,23007.0,35.0,36.0,37.0,998.0,993.0,986.0,395.0,166.0,364.0,67.9
3,7,2018-11-08 12:06:40,2018-11-08 12:16:41,601,5209.0,317.0,340.0,372.0,38230.0,41051.0,44903.0,22613.0,22679.0,22864.0,35.0,41.0,38.0,997.0,979.0,983.0,360.0,110.0,336.0,67.4
7,9,2018-11-08 12:16:42,2018-11-08 12:26:43,601,8824.0,380.0,468.0,475.0,51280.5,63324.0,64270.5,22985.0,23149.0,23348.0,50.0,60.0,44.0,910.5,966.0,997.0,402.0,116.0,427.0,69.5
9,8,2018-11-08 12:26:44,2018-11-08 13:00:49,2045,10764.0,497.0,513.0,526.0,71502.0,73971.0,75863.5,22873.0,22888.0,23060.0,53.0,54.0,56.0,970.0,936.0,973.0,373.0,74.0,474.0,76.3
8,9,2018-11-08 13:00:50,2018-11-08 13:10:51,601,10208.5,464.0,440.0,493.0,64768.5,61271.5,68906.5,22800.0,22694.0,22854.0,48.0,53.0,60.0,968.0,871.0,973.0,353.0,72.0,461.0,76.9
9,10,2018-11-08 13:10:52,2018-11-08 13:37:48,1616,10879.0,485.0,503.0,518.0,69738.0,72340.0,74645.0,22565.0,22574.5,22722.0,53.0,54.0,56.0,956.0,913.0,962.0,410.0,41.0,506.0,76.9
10,11,2018-11-08 13:37:49,2018-11-08 15:46:33,7724,12036.5,515.0,528.0,538.0,76622.0,78677.0,80180.0,22656.0,22670.0,22821.0,58.0,56.0,56.0,944.0,942.0,941.0,491.0,378.0,545.0,79.5
11,10,2018-11-08 15:46:34,2018-11-08 16:59:06,4352,11354.0,503.0,524.0,532.0,77603.0,80816.5,82016.0,22875.0,22912.0,23026.0,63.0,61.0,62.0,963.0,947.0,970.0,789.0,572.0,946.0,82.1
10,4,2018-11-08 16:59:07,2018-11-08 17:09:08,601,10878.0,471.0,504.5,493.0,70082.0,75103.0,73394.0,23094.0,23144.0,23211.0,64.0,57.0,60.0,958.0,955.0,958.0,770.0,562.0,946.0,81.6
4,3,2018-11-08 17:09:09,2018-11-08 17:40:15,1866,4869.5,343.0,357.0,374.0,42454.0,44237.0,46257.0,22938.0,22888.0,23017.0,40.0,39.0,42.0,993.5,996.0,993.0,605.0,463.0,699.0,75.8
3,2,2018-11-08 17:40:16,2018-11-08 19:21:01,6045,4710.0,313.0,338.0,352.0,37684.0,40683.0,42436.0,22903.0,22921.0,23025.0,38.0,39.0,39.0,999.0,997.0,989.0,538.0,410.0,502.0,68.4
2,3,2018-11-08 19:21:02,2018-11-08 20:06:52,2750,4626.0,283.0,314.0,321.0,33190.0,36847.0,37644.0,22996.0,23033.0,23113.0,37.0,38.0,37.0,998.0,994.0,992.0,468.0,318.0,483.0,65.2
3,6,2018-11-08 20:06:53,2018-11-08 20:16:54,601,5335.0,297.0,339.0,344.0,35773.0,40893.0,41504.0,22754.0,22795.0,22873.0,39.0,42.0,38.0,986.0,989.0,994.0,454.0,288.0,482.0,64.4
6,10,2018-11-08 20:16:55,2018-11-08 20:26:56,601,7043.0,352.0,404.0,442.0,46186.0,53081.5,57960.0,22462.0,22450.0,22591.0,41.0,56.0,43.0,957.0,971.0,985.0,456.0,288.0,481.0,65.7
10,9,2018-11-08 20:26:57,2018-11-08 20:51:35,1478,12035.0,466.0,480.0,507.0,69483.0,71436.0,75537.0,23099.0,23183.0,23102.0,62.0,63.0,63.0,916.0,892.0,945.0,466.0,231.0,645.0,73.1
9,8,2018-11-08 20:51:36,2018-11-08 21:51:43,3607,11437.0,462.0,482.0,492.0,66583.0,69423.0,70867.0,22911.0,22942.0,23096.0,58.0,58.0,58.0,934.0,905.0,948.0,441.0,145.0,580.0,74.2
8,9,2018-11-08 21:51:44,2018-11-08 22:01:45,601,10774.0,445.0,495.0,465.0,62023.0,68980.0,64935.0,22974.0,23065.0,23178.0,60.0,51.0,51.0,929.0,942.0,930.0,382.0,161.0,567.0,76.3
9,8,2018-11-08 22:01:46,2018-11-08 22:11:47,601,11996.0,434.0,492.0,497.0,62510.0,70877.0,71606.0,22881.0,22967.0,23189.0,60.0,63.0,53.0,862.0,895.0,945.0,366.0,161.0,561.0,76.3
8,9,2018-11-08 22:11:48,2018-11-08 22:21:49,601,10482.0,421.0,485.0,495.0,58893.0,67919.0,68922.0,22840.0,22919.0,23125.0,53.0,60.0,50.0,902.0,923.0,983.0,367.0,161.0,589.0,76.3
9,8,2018-11-08 22:21:50,2018-11-08 22:31:51,601,11344.0,475.0,516.0,518.0,68397.0,74322.0,74696.0,22813.0,22883.0,23061.0,56.0,57.0,54.0,927.0,917.0,964.0,404.0,108.0,615.0,76.8
8,9,2018-11-08 22:31:52,2018-11-08 22:41:53,601,10275.0,463.0,501.0,480.0,64568.0,69965.0,66755.0,22795.0,22890.0,22972.0,54.0,50.0,53.0,958.0,937.0,958.0,369.0,172.0,596.0,76.8
9,8,2018-11-08 22:41:54,2018-11-08 22:51:55,601,11250.0,498.0,531.0,515.0,71593.0,76475.0,74139.0,22841.0,22906.0,23034.0,56.0,52.0,55.0,951.0,929.0,954.0,359.0,172.0,587.0,76.8
8,9,2018-11-08 22:51:56,2018-11-08 23:01:57,601,10825.0,449.0,470.0,495.0,62570.0,65920.0,69127.0,22951.0,22901.0,23166.0,51.5,55.0,54.0,932.0,908.0,970.0,355.0,107.0,587.0,76.8
9,8,2018-11-08 23:01:58,2018-11-08 23:52:49,3051,11382.0,473.0,507.0,521.0,68106.0,72967.0,74986.0,22646.0,22653.0,22878.0,53.0,59.0,54.0,925.0,898.0,967.0,392.0,135.0,615.0,78.9
8,7,2018-11-08 23:52:50,2018-11-09 00:02:51,601,10902.0,429.0,511.0,456.0,59938.0,71386.0,63729.0,22855.0,23069.0,23155.0,64.0,50.0,49.0,911.0,955.0,907.5,394.0,151.0,617.0,79.1
7,8,2018-11-09 00:02:52,2018-11-09 00:17:30,878,7754.0,465.0,490.0,445.0,62819.0,66207.0,60159.0,22674.0,22754.0,22809.0,52.0,39.0,46.0,997.0,999.0,977.0,392.0,181.0,617.0,76.8
8,9,2018-11-09 00:17:31,2018-11-09 00:54:48,2237,7854.0,512.0,519.0,495.0,71464.0,72491.0,69114.0,22702.0,22701.0,22836.5,49.0,40.0,49.0,999.0,997.0,994.0,389.0,245.0,615.0,77.3
9,10,2018-11-09 00:54:49,2018-11-09 01:14:56,1207,8867.0,517.0,526.0,531.0,74498.0,75766.5,76497.0,22607.0,22676.0,22779.0,50.0,49.0,52.0,996.0,982.0,997.0,502.0,520.0,668.0,81.0
10,9,2018-11-09 01:14:57,2018-11-09 06:05:10,17413,10427.0,503.0,526.0,528.0,74908.0,78390.0,78652.0,22688.0,22721.0,22902.0,57.0,56.0,55.0,975.0,963.0,983.0,646.0,593.0,762.0,81.0
9,8,2018-11-09 06:05:11,2018-11-09 06:44:53,2382,11337.0,492.0,497.0,501.0,70878.0,71609.5,72244.5,22739.0,22827.0,22958.0,53.0,56.0,58.0,954.0,901.0,950.0,303.0,196.0,650.0,79.9
8,9,2018-11-09 06:44:54,2018-11-09 06:55:51,657,9729.0,521.0,482.0,436.0,72634.0,67315.0,60782.0,22739.0,22779.0,22733.0,56.0,39.0,60.0,996.0,970.0,913.0,268.0,214.0,576.0,79.4
9,8,2018-11-09 06:55:52,2018-11-09 07:12:18,986,10350.0,507.0,523.0,489.0,73176.0,75326.0,70448.0,22601.0,22699.0,22735.0,59.0,49.0,53.0,973.0,977.0,954.0,269.0,475.0,506.0,78.3
8,10,2018-11-09 07:12:19,2018-11-09 07:22:20,601,8680.0,493.0,479.0,487.0,68771.0,66984.0,68032.0,22527.0,22519.0,22576.0,48.0,47.0,54.0,996.0,969.0,988.0,253.0,488.0,506.0,79.4
10,9,2018-11-09 07:22:21,2018-11-09 07:59:49,2248,11321.0,523.0,520.0,537.0,77882.0,77399.0,80025.0,22737.0,22738.0,22819.0,56.0,57.0,58.0,958.0,944.0,970.0,327.0,552.0,523.0,80.6
9,10,2018-11-09 07:59:50,2018-11-09 08:09:51,601,9810.0,489.0,497.0,515.0,70445.0,71503.0,74214.0,22666.0,22659.0,22805.0,53.0,55.0,52.0,970.0,967.0,985.0,461.0,536.0,594.0,82.0
10,9,2018-11-09 08:09:52,2018-11-09 08:25:52,960,10589.0,521.0,521.0,538.0,77562.0,77579.0,80134.0,22687.0,22677.0,22814.0,56.0,56.0,56.0,974.0,960.0,978.0,514.0,541.0,680.0,82.0
9,10,2018-11-09 08:25:53,2018-11-09 08:35:54,601,9284.0,489.0,479.0,526.0,70493.0,68911.0,75727.0,22693.0,22678.0,22783.0,50.0,55.0,54.0,989.0,956.0,994.0,528.0,541.0,715.0,82.0
10,9,2018-11-09 08:35:55,2018-11-09 08:53:37,1062,10776.0,517.0,523.0,530.0,77044.0,77861.0,78883.0,22829.0,22943.0,22913.0,59.0,56.0,57.0,969.0,962.0,974.0,553.0,587.0,749.0,82.1
9,1,2018-11-09 08:53:38,2018-11-09 09:03:39,601,10292.0,480.0,489.0,492.0,69114.0,70548.0,70844.0,22867.0,23014.0,22986.0,58.0,55.0,55.0,961.0,960.0,970.0,534.0,593.0,754.0,82.0
1,2,2018-11-09 09:03:40,2018-11-09 10:02:47,3547,4066.0,264.0,281.0,288.0,30214.0,32129.0,32935.0,22920.0,22992.0,23033.0,34.0,36.0,35.0,998.0,996.0,991.0,374.0,442.0,586.0,67.8
2,6,2018-11-09 10:02:48,2018-11-09 10:12:49,601,4764.0,287.0,311.0,330.0,33653.0,36516.0,38763.0,23101.0,23216.0,23253.0,35.0,41.0,38.0,997.0,985.0,987.0,356.0,375.0,524.0,65.7
6,1,2018-11-09 10:12:50,2018-11-09 10:22:51,601,7830.0,388.0,403.5,423.0,50929.0,52963.0,55580.0,22736.0,22834.5,22883.0,46.0,49.0,47.0,975.5,958.0,994.0,384.0,348.0,644.0,67.3
1,2,2018-11-09 10:22:52,2018-11-09 10:32:53,601,4609.5,257.0,284.0,286.0,29428.5,32465.0,32647.0,23021.0,23148.0,23143.0,35.0,37.0,36.0,989.0,985.0,998.0,357.0,283.0,598.0,67.3
2,1,2018-11-09 10:32:54,2018-11-09 10:42:55,601,4804.0,288.0,309.0,326.0,33786.0,36176.0,38230.0,22855.0,22940.0,23006.0,35.0,40.0,38.0,996.0,981.0,991.0,341.0,242.0,564.0,66.2
1,2,2018-11-09 10:42:56,2018-11-09 10:52:57,601,4426.0,270.0,280.0,305.0,30777.0,32083.0,34854.0,23044.0,23131.0,23219.0,33.0,36.0,37.0,996.0,986.0,983.0,341.0,213.0,564.0,64.6
2,1,2018-11-09 10:52:58,2018-11-09 11:02:59,601,4720.0,308.0,323.0,335.0,36183.0,37931.0,39313.0,22990.0,23074.0,23135.0,37.0,37.0,37.0,999.0,992.0,991.0,364.0,238.0,549.0,64.7
1,2,2018-11-09 11:03:00,2018-11-09 11:13:01,601,4361.0,284.0,297.0,304.5,32465.5,33903.0,34866.0,23092.0,23173.0,23203.0,36.0,35.0,35.0,998.0,994.0,992.5,361.0,227.0,554.0,64.3
2,1,2018-11-09 11:13:02,2018-11-09 11:23:03,601,4897.0,308.0,328.0,336.0,36085.0,38464.0,39484.0,23063.0,23194.0,23181.0,39.0,37.0,37.0,994.0,995.0,994.0,356.0,225.0,555.0,64.2
1,2,2018-11-09 11:23:04,2018-11-09 11:33:05,601,4606.0,275.0,293.0,312.0,31487.0,33560.0,35673.0,23092.0,23206.0,23215.0,36.0,37.0,35.0,989.0,988.0,991.0,353.0,217.0,555.0,64.2
2,1,2018-11-09 11:33:06,2018-11-09 11:51:10,1084,4795.0,306.0,329.0,343.0,35843.0,38645.0,40164.0,22900.0,22978.0,23043.0,37.0,37.0,37.0,996.0,994.0,991.0,344.0,189.0,552.0,64.2
1,2,2018-11-09 11:51:11,2018-11-09 12:06:59,948,4359.0,279.0,307.0,318.0,31877.0,35134.0,36425.0,22954.0,23041.0,23137.0,35.0,35.0,35.0,997.0,994.0,990.0,333.0,176.0,550.0,63.6
2,8,2018-11-09 12:07:00,2018-11-09 12:17:01,601,4905.0,292.0,338.0,346.0,34458.0,39610.0,40771.0,22747.0,22861.0,22931.0,36.0,39.0,37.0,990.0,992.0,991.0,333.0,174.0,550.0,63.1
8,9,2018-11-09 12:17:02,2018-11-09 12:36:29,1167,9425.0,451.0,485.0,495.0,62827.0,67641.0,69053.0,22774.0,22913.0,22988.0,52.0,52.0,50.0,964.0,959.0,992.0,339.0,178.0,661.0,69.9
9,8,2018-11-09 12:36:30,2018-11-09 16:51:42,15312,11276.0,502.0,519.0,516.0,72230.0,74694.5,74357.0,22703.0,22810.0,22922.0,54.0,52.0,53.0,953.0,929.0,958.0,328.0,194.0,612.0,76.9
8,1,2018-11-09 16:51:43,2018-11-09 17:01:44,601,7601.0,502.0,491.0,501.0,70054.0,68545.0,69903.0,22742.0,22710.0,22759.0,49.0,43.0,50.0,999.0,996.0,997.0,593.0,519.0,634.0,82.7
1,2,2018-11-09 17:01:45,2018-11-09 17:11:46,601,4264.0,280.0,274.0,279.0,32016.0,31295.0,31863.0,23022.0,23033.0,23008.0,36.0,32.0,37.0,999.0,998.0,998.0,592.0,518.0,626.0,77.9
2,3,2018-11-09 17:11:47,2018-11-09 17:48:50,2223,4375.0,301.0,313.0,317.0,35279.0,36695.0,37136.0,22970.0,22998.0,23033.0,36.0,35.0,37.0,999.0,999.0,995.0,549.0,518.0,521.0,69.5
3,2,2018-11-09 17:48:51,2018-11-09 19:45:43,7012,4571.0,333.0,347.0,349.0,40136.0,41856.0,42036.0,22883.0,22930.0,22971.0,37.0,37.0,38.0,998.0,999.0,992.0,503.0,518.0,489.0,66.2
2,3,2018-11-09 19:45:44,2018-11-09 20:07:00,1276,4277.0,306.0,319.0,324.0,35900.0,37388.0,37996.0,22873.0,22899.0,23047.0,35.0,36.0,36.0,999.0,999.0,988.0,379.0,496.0,440.0,64.6
3,7,2018-11-09 20:07:01,2018-11-09 20:17:02,601,4668.0,328.0,343.0,352.0,39580.0,41386.5,42466.0,22637.0,22691.0,22800.5,36.0,38.0,38.0,999.0,998.0,987.0,379.0,496.0,440.0,64.1
7,9,2018-11-09 20:17:03,2018-11-09 20:27:04,601,7653.0,416.0,456.0,493.0,56224.0,61684.0,66761.0,22783.0,22821.0,23085.0,42.0,56.0,46.0,980.0,976.0,986.0,451.0,567.0,500.0,65.7
9,10,2018-11-09 20:27:05,2018-11-09 20:37:45,640,9349.0,501.0,508.0,526.0,72142.0,73151.0,75774.0,22743.0,22765.0,22907.0,52.0,53.0,53.0,988.0,975.0,995.0,596.0,611.0,645.0,72.6
10,11,2018-11-09 20:37:46,2018-11-09 21:43:47,3961,10267.0,526.0,523.0,546.0,78328.0,77906.0,81279.0,22766.0,22729.0,22882.0,55.0,54.0,57.0,988.0,965.0,987.0,669.0,630.0,700.0,76.7
11,10,2018-11-09 21:43:48,2018-11-09 21:59:14,926,11479.5,542.0,535.0,548.0,83533.0,82438.0,84587.5,22807.0,22728.0,22876.0,60.0,58.0,62.0,972.0,952.0,966.0,733.0,698.0,731.0,76.7
10,9,2018-11-09 21:59:15,2018-11-10 00:03:29,7454,10966.0,518.0,540.0,545.0,77132.0,80351.0,81284.0,22682.0,22690.0,22878.0,56.0,56.0,55.0,967.0,951.0,979.0,495.0,433.0,698.0,79.4
9,8,2018-11-10 00:03:30,2018-11-10 00:44:04,2434,10575.0,511.0,517.0,535.0,73586.0,74508.0,76976.0,22774.0,22731.0,22930.0,50.0,54.0,54.0,977.0,934.0,982.0,404.0,336.0,622.0,80.4
8,9,2018-11-10 00:44:05,2018-11-10 01:16:19,1934,8417.0,497.0,510.0,499.0,69423.5,71208.0,69650.0,22771.0,22811.0,22965.0,49.0,45.0,49.0,996.0,989.0,996.0,367.0,313.0,594.0,80.4
9,10,2018-11-10 01:16:20,2018-11-10 01:26:21,601,9857.0,517.0,530.0,523.0,74501.5,76274.5,75316.0,22821.0,22927.0,22998.0,53.0,51.0,52.0,982.0,974.5,989.5,369.5,437.5,625.5,80.4
10,9,2018-11-10 01:26:22,2018-11-10 02:31:06,3884,9616.0,533.0,540.0,545.0,79348.0,80445.0,81254.0,22603.0,22606.0,22735.0,54.0,52.0,55.0,993.0,980.0,992.0,619.0,574.0,742.0,82.0
9,10,2018-11-10 02:31:07,2018-11-10 02:41:08,601,9489.0,479.0,487.0,522.0,68988.5,70081.0,75168.0,22779.0,22722.5,22981.0,50.0,55.0,55.0,987.0,952.0,996.0,618.0,536.0,743.0,82.5
10,11,2018-11-10 02:41:09,2018-11-10 03:35:35,3266,9478.0,538.0,538.0,541.0,80090.0,80092.0,80587.0,22677.0,22655.0,22823.0,55.0,51.0,56.0,997.0,984.0,990.0,616.0,527.0,741.0,82.0
11,10,2018-11-10 03:35:36,2018-11-10 03:45:37,601,10768.0,547.0,543.0,547.0,84345.0,83732.0,84325.5,22633.0,22595.0,22806.0,60.0,55.0,60.5,986.5,966.0,975.0,701.0,657.0,776.0,82.0
10,11,2018-11-10 03:45:38,2018-11-10 03:55:39,601,10292.0,509.0,516.0,512.0,75851.0,76925.0,76277.0,22801.0,22779.0,22956.0,59.0,55.0,57.0,980.0,972.0,974.0,704.0,667.0,781.0,80.9
11,10,2018-11-10 03:55:40,2018-11-10 04:48:42,3182,11662.0,539.0,538.0,544.0,83113.5,82932.5,83889.0,22736.0,22744.0,22899.0,62.0,59.0,61.0,963.0,954.0,962.0,570.0,666.0,674.0,80.9
10,9,2018-11-10 04:48:43,2018-11-10 05:54:33,3950,11721.0,517.0,520.0,530.0,76945.0,77466.0,78986.0,22780.0,22793.0,22947.0,58.0,57.0,59.0,950.0,928.0,956.0,434.0,498.0,570.0,80.4
9,10,2018-11-10 05:54:34,2018-11-10 06:04:35,601,11832.0,470.0,491.0,477.0,67564.0,70610.0,68822.0,22922.0,22988.0,23127.0,61.0,57.0,58.0,924.0,903.0,911.0,403.0,477.0,534.0,79.8
10,9,2018-11-10 06:04:36,2018-11-10 06:36:10,1894,12541.0,495.0,517.0,508.0,73788.0,77067.0,75712.0,22803.0,22863.0,22997.0,64.0,60.0,59.0,913.0,905.0,913.0,431.0,505.0,613.0,79.8
9,8,2018-11-10 06:36:11,2018-11-10 06:46:21,610,11579.0,486.0,478.0,516.0,69923.0,68916.0,74323.0,22886.0,22843.0,23077.0,52.0,60.0,59.0,936.0,882.0,964.0,423.0,484.0,578.0,79.3
8,7,2018-11-10 06:46:22,2018-11-10 06:56:23,601,10503.5,480.0,482.0,493.0,66881.5,67177.5,68873.5,22979.0,22956.0,23140.0,51.0,51.0,54.0,961.0,930.0,969.0,422.0,439.0,578.0,79.3
7,9,2018-11-10 06:56:24,2018-11-10 07:06:25,601,7990.0,502.0,449.0,450.0,67892.0,60663.0,60897.0,23011.0,22932.0,23033.0,49.0,38.0,53.0,998.0,992.0,969.0,428.0,490.0,576.0,79.3
9,10,2018-11-10 07:06:26,2018-11-10 07:32:58,1592,9430.0,524.0,520.0,508.0,75491.0,74883.0,73142.0,22807.0,22810.0,22891.0,55.0,48.0,51.0,988.0,992.0,981.0,448.0,671.0,502.0,78.8
10,9,2018-11-10 07:32:59,2018-11-10 11:03:25,12626,10870.0,515.0,513.0,529.0,76688.0,76344.5,78747.0,22874.0,22884.0,23026.0,58.0,57.0,58.0,972.0,956.0,974.0,578.0,770.0,665.0,80.4
9,8,2018-11-10 11:03:26,2018-11-10 12:16:53,4407,11176.0,505.0,513.0,524.0,72673.0,73811.0,75549.0,22850.0,22933.0,23121.0,54.0,54.0,55.0,954.0,929.0,965.0,410.0,406.0,514.0,80.0
8,9,2018-11-10 12:16:54,2018-11-10 12:32:34,940,9997.5,499.0,487.0,514.0,69697.0,67953.0,71758.0,22864.0,22981.0,23100.5,50.0,50.0,54.0,981.0,940.0,976.0,429.0,408.0,486.0,80.2
9,8,2018-11-10 12:32:35,2018-11-10 12:42:36,601,10952.5,541.0,516.0,541.0,77904.0,74267.0,77873.5,22823.0,23028.0,23106.0,52.0,50.0,56.0,982.0,933.0,966.0,429.0,408.0,486.0,80.2
8,9,2018-11-10 12:42:37,2018-11-10 13:10:46,1689,8086.0,507.0,517.0,501.0,70702.0,72095.0,69957.0,22628.0,22747.0,22758.0,51.0,43.0,46.0,996.0,999.0,993.0,410.0,417.0,405.0,80.1
9,10,2018-11-10 13:10:47,2018-11-10 13:31:11,1224,9184.0,531.0,529.0,514.0,76539.0,76192.0,74108.0,22578.0,22658.0,22699.0,55.0,45.0,51.0,994.0,994.0,977.0,406.0,476.0,423.0,80.1
10,9,2018-11-10 13:31:12,2018-11-10 16:44:55,11623,9995.0,532.0,519.0,536.0,79224.0,77278.0,79891.0,22700.0,22734.0,22949.0,56.0,55.0,56.0,987.0,973.0,988.0,575.0,770.0,685.0,84.0
9,10,2018-11-10 16:44:56,2018-11-10 16:54:58,602,9271.0,516.0,514.0,527.0,74217.0,73958.0,75853.0,22708.0,22569.0,22924.0,53.0,51.0,52.0,991.0,982.0,993.0,467.0,554.0,599.0,82.8
10,9,2018-11-10 16:54:59,2018-11-10 18:41:07,6368,12151.0,510.0,517.0,511.0,75930.0,77019.5,76098.0,22806.0,22857.0,22985.5,61.0,57.0,61.0,942.0,922.0,929.0,474.0,479.0,546.0,81.1
9,10,2018-11-10 18:41:08,2018-11-10 19:23:21,2533,10640.0,504.0,512.0,462.0,72662.0,73773.0,66469.0,22788.0,22934.0,22919.0,63.0,48.0,54.0,969.0,977.0,907.0,369.0,519.0,420.0,77.3
10,8,2018-11-10 19:23:22,2018-11-10 22:47:16,12234,11298.0,525.0,516.0,534.0,78164.0,76817.0,79497.0,22805.0,22795.0,22999.0,57.0,57.0,58.0,965.0,939.0,964.0,505.0,491.0,493.0,81.5
8,5,2018-11-10 22:47:17,2018-11-10 22:57:18,601,10102.5,477.0,480.0,477.0,66524.5,66931.5,66530.0,22809.5,22874.0,22994.0,54.0,50.0,53.0,965.0,949.0,956.5,501.0,437.0,523.0,82.6
5,8,2018-11-10 22:57:19,2018-11-10 23:07:20,601,8258.5,375.0,373.0,372.0,47785.0,47539.0,47445.0,22970.0,23022.0,23122.5,49.0,45.0,48.0,959.0,937.0,944.0,500.0,492.0,522.0,76.7
8,9,2018-11-10 23:07:21,2018-11-10 23:27:37,1216,10240.0,463.0,477.0,479.0,64617.5,66522.0,66897.0,22703.0,22780.0,22885.0,54.0,53.0,51.0,945.0,939.0,962.0,476.0,492.0,499.0,76.2
9,8,2018-11-10 23:27:38,2018-11-10 23:37:39,601,10765.0,496.0,526.0,527.0,71262.0,75765.5,75950.0,22711.0,22768.0,22914.0,58.0,53.0,51.0,950.0,958.0,966.0,439.0,463.0,470.0,78.3
8,7,2018-11-10 23:37:40,2018-11-10 23:55:13,1053,9970.0,477.0,480.0,503.0,66578.5,66953.0,70222.0,22736.0,22770.0,22950.0,51.0,51.0,51.0,969.0,939.0,975.0,469.0,463.0,470.0,78.8
7,5,2018-11-10 23:55:14,2018-11-11 00:05:15,601,9975.0,467.0,404.0,410.0,63090.0,55029.0,55705.0,22992.0,22931.0,23003.0,51.0,44.0,67.0,993.0,854.0,918.0,470.0,465.0,469.0,79.3
5,9,2018-11-11 00:05:16,2018-11-11 00:15:17,601,7911.0,375.0,396.0,413.0,47762.0,50429.0,52654.0,22907.0,23008.0,23231.0,45.0,47.0,44.0,961.0,948.0,990.0,470.0,465.0,469.0,76.1
9,10,2018-11-11 00:15:18,2018-11-11 00:57:42,2544,9583.0,518.0,535.0,511.0,74567.0,77032.0,73655.0,22724.0,22794.0,22857.0,57.0,48.0,49.0,980.0,995.0,978.0,473.0,560.0,481.0,79.3
10,9,2018-11-11 00:57:43,2018-11-11 04:03:35,11152,10161.5,536.0,528.0,544.0,79744.0,78570.0,81056.0,22714.0,22711.0,22852.0,55.0,53.0,56.0,986.0,974.0,985.0,542.0,688.0,712.0,82.0
9,8,2018-11-11 04:03:36,2018-11-11 04:51:25,2869,10571.0,492.0,496.0,511.0,70936.0,71346.0,73646.0,22805.0,22811.0,22976.0,55.0,54.0,56.0,966.0,937.0,969.0,475.0,464.0,534.0,79.8
8,9,2018-11-11 04:51:26,2018-11-11 05:01:27,601,8729.0,503.0,483.0,522.0,70226.0,67375.0,72310.0,22674.0,22637.0,22842.0,48.0,48.0,51.0,999.0,963.0,994.0,435.0,425.0,529.0,79.3
9,8,2018-11-11 05:01:28,2018-11-11 05:11:29,601,10367.0,518.0,492.0,536.0,74653.0,70863.5,77180.5,22698.0,22640.5,22821.0,50.0,52.0,58.0,988.0,924.0,978.0,461.0,450.0,536.0,79.8
8,9,2018-11-11 05:11:30,2018-11-11 05:21:31,601,10254.0,468.0,444.0,498.0,65261.0,62021.0,69457.0,22878.0,22774.0,23032.0,48.0,55.0,57.0,969.0,893.0,975.0,461.0,450.0,536.0,79.8
9,8,2018-11-11 05:21:32,2018-11-11 06:09:39,2887,11296.0,499.0,505.0,508.0,71869.0,72664.0,73276.0,22732.0,22779.0,22919.0,55.0,53.0,55.0,950.0,930.0,961.0,512.0,385.0,559.0,79.8
8,9,2018-11-11 06:09:40,2018-11-11 06:19:41,601,10836.0,464.0,433.0,460.0,64760.0,60492.0,64170.0,22882.0,22841.0,22943.0,52.0,55.0,60.0,950.0,871.0,936.0,450.0,388.0,557.0,78.7
9,8,2018-11-11 06:19:42,2018-11-11 06:46:44,1622,11412.0,509.0,517.0,504.0,73316.0,74540.0,72629.0,22783.0,22837.0,22928.0,58.0,52.0,55.0,950.0,936.0,933.0,450.0,392.0,503.0,78.2
8,9,2018-11-11 06:46:45,2018-11-11 06:56:46,601,8440.0,507.0,514.0,477.0,70722.0,71738.0,66603.0,22680.0,22787.0,22768.0,54.0,42.0,47.0,994.0,999.0,981.0,450.0,392.0,502.0,78.7
9,10,2018-11-11 06:56:47,2018-11-11 07:30:52,2045,9252.0,526.0,512.0,513.0,75695.0,73719.0,73933.0,22737.0,22770.0,22857.0,52.0,49.0,53.0,992.0,982.0,987.0,350.0,619.0,584.0,78.7
10,9,2018-11-11 07:30:53,2018-11-11 09:48:03,8230,10240.0,519.0,511.0,530.0,77289.0,76106.0,78944.0,22691.0,22719.0,22835.0,56.0,56.0,57.0,981.0,965.0,983.0,627.0,745.0,703.0,80.4
9,10,2018-11-11 09:48:04,2018-11-11 09:58:05,601,10895.0,443.0,448.0,473.0,63731.0,64571.0,68073.0,22853.0,22920.0,23085.0,58.0,62.0,58.0,923.0,913.0,960.0,628.0,659.0,660.0,80.4
10,9,2018-11-11 09:58:06,2018-11-11 10:18:26,1220,11572.0,501.0,493.0,507.0,74568.0,73291.0,75481.0,22767.0,22824.0,22921.0,59.0,59.0,62.0,954.0,914.0,949.0,523.0,536.0,582.0,79.4
9,10,2018-11-11 10:18:27,2018-11-11 10:28:36,609,10250.0,487.0,489.0,496.0,70188.0,70442.0,71441.0,22689.5,22796.0,22887.0,56.0,53.0,57.0,976.0,946.0,969.0,555.0,503.0,600.0,78.9
10,9,2018-11-11 10:28:37,2018-11-11 11:03:25,2088,11829.0,500.0,489.0,506.0,74341.0,72798.0,75401.0,22721.0,22778.0,22889.0,60.0,58.0,63.0,951.0,899.0,937.0,561.0,503.0,597.0,79.4
9,8,2018-11-11 11:03:26,2018-11-11 11:21:25,1079,10531.0,494.0,482.0,513.0,71203.0,69377.0,73883.0,22661.0,22672.0,22796.0,52.0,53.0,57.0,975.0,922.0,974.0,569.0,513.0,578.0,79.5
8,9,2018-11-11 11:21:26,2018-11-11 11:31:27,601,10264.0,428.0,431.0,486.0,59684.0,60263.0,67804.0,22884.0,22882.0,23077.0,50.0,62.0,54.0,922.0,903.0,983.0,621.0,481.0,562.0,79.5
9,8,2018-11-11 11:31:28,2018-11-11 12:01:48,1820,10891.0,502.0,490.0,487.0,72314.0,70581.0,70233.0,22708.0,22764.0,22839.0,56.0,50.0,58.0,969.0,927.0,935.0,536.0,497.0,577.0,78.5
8,9,2018-11-11 12:01:49,2018-11-11 12:11:50,601,9962.0,472.0,451.0,486.0,65801.0,63015.0,67821.0,22740.0,22771.0,22920.0,51.0,53.0,54.0,971.0,934.0,973.0,557.0,450.0,548.0,79.6
9,8,2018-11-11 12:11:51,2018-11-11 12:21:52,601,10582.0,506.0,518.0,502.0,72887.0,74615.0,72332.0,22665.0,22764.0,22819.0,58.0,50.0,53.0,965.0,962.0,957.0,557.0,449.0,537.0,79.7
8,9,2018-11-11 12:21:53,2018-11-11 12:31:54,601,8491.5,503.0,502.0,473.0,70135.0,70118.0,66081.0,22622.0,22704.5,22733.0,54.0,42.0,48.0,996.0,999.0,975.0,556.0,449.0,537.0,79.7
9,10,2018-11-11 12:31:55,2018-11-11 13:05:51,2036,9443.0,528.0,519.0,502.0,76029.0,74722.0,72308.0,22670.0,22728.0,22757.0,56.0,45.0,53.0,994.0,990.0,970.0,490.0,516.0,536.0,80.2
10,9,2018-11-11 13:05:52,2018-11-11 17:05:00,14348,9865.0,526.0,527.0,532.0,78296.0,78442.0,79189.0,22586.0,22626.0,22753.0,57.0,53.0,55.0,986.0,981.0,985.0,593.0,750.0,605.0,82.2
9,10,2018-11-11 17:05:01,2018-11-11 17:18:15,794,10083.0,515.0,503.0,517.0,74087.0,72450.0,74707.0,22656.0,22716.0,22809.0,53.0,50.0,57.0,986.0,957.0,974.5,558.0,531.0,553.0,80.5
10,9,2018-11-11 17:18:16,2018-11-11 17:36:23,1087,11708.0,523.0,523.0,527.0,77809.0,77988.0,78501.0,22677.0,22698.5,22833.5,59.0,55.0,58.0,957.5,937.0,947.0,586.0,534.0,553.0,81.1
9,7,2018-11-11 17:36:24,2018-11-11 17:46:25,601,11077.0,504.0,475.0,496.0,72462.5,68511.5,71418.5,22789.0,22722.0,22861.0,56.0,52.0,58.0,965.5,909.0,942.5,538.0,540.0,560.0,81.1
7,10,2018-11-11 17:46:26,2018-11-11 17:56:27,601,9615.0,370.0,352.0,454.0,50039.0,47408.0,61396.0,22911.0,22751.0,23132.0,44.0,72.0,51.0,832.0,866.0,997.0,534.0,644.0,564.0,80.5
10,9,2018-11-11 17:56:28,2018-11-11 18:17:08,1240,12305.0,523.0,476.0,502.0,77734.0,71005.0,74710.0,22768.0,22715.0,22851.0,57.0,57.0,67.0,956.0,860.0,918.0,535.0,587.0,553.0,80.0
9,10,2018-11-11 18:17:09,2018-11-11 18:27:10,601,11389.0,481.0,473.0,506.0,69217.0,68086.0,72873.0,22784.0,22750.0,22958.0,54.0,58.0,57.0,933.0,899.0,955.0,551.0,584.0,549.0,80.0
10,9,2018-11-11 18:27:11,2018-11-11 18:40:19,788,12575.0,478.0,525.0,502.0,71152.0,78120.0,74777.0,22735.0,22837.0,22981.0,68.0,60.0,55.0,885.0,932.0,899.0,551.0,580.0,549.0,80.0
9,8,2018-11-11 18:40:20,2018-11-11 18:52:04,704,9527.0,511.0,507.0,518.0,73403.0,73063.0,74733.0,22624.0,22626.5,22763.0,53.0,50.0,53.0,987.0,976.0,985.0,475.0,579.0,546.0,76.3
8,9,2018-11-11 18:52:05,2018-11-11 19:05:02,777,8633.0,506.0,456.0,474.0,70593.0,63638.0,66171.0,22758.0,22656.0,22771.0,50.0,43.0,56.0,999.0,973.0,976.0,481.0,583.0,552.0,77.3
9,8,2018-11-11 19:05:03,2018-11-11 19:15:04,601,9026.0,534.0,497.0,509.0,76899.0,71578.0,73328.0,22588.0,22534.0,22622.0,52.0,45.0,55.0,999.0,984.0,980.0,527.0,583.0,551.0,77.8
8,9,2018-11-11 19:15:05,2018-11-11 19:30:59,954,8693.0,490.0,476.0,468.0,68416.0,66497.0,65358.0,22709.0,22740.0,22809.0,53.0,45.0,51.0,994.0,991.0,974.0,531.0,590.0,476.0,78.4
9,10,2018-11-11 19:31:00,2018-11-11 19:41:01,601,10165.0,491.0,474.0,475.5,70716.0,68242.0,68440.0,22600.0,22631.0,22701.0,57.0,50.0,57.0,977.0,955.0,949.0,593.5,662.5,536.0,78.4
10,9,2018-11-11 19:41:02,2018-11-11 22:41:07,10805,9965.0,522.0,521.0,530.0,77708.0,77523.5,78900.0,22632.0,22594.0,22805.0,57.0,54.0,55.0,985.0,979.0,984.0,667.0,768.0,616.0,81.0
9,10,2018-11-11 22:41:08,2018-11-11 22:53:34,746,9729.0,495.0,496.0,495.0,71258.0,71453.0,71369.0,22597.0,22625.0,22684.0,57.0,50.0,55.0,984.0,970.0,965.0,630.0,594.0,610.0,80.5
10,9,2018-11-11 22:53:35,2018-11-11 23:03:36,601,10813.0,526.0,514.0,524.0,78387.0,76780.0,78044.0,22465.0,22491.0,22563.0,58.0,52.0,58.0,979.0,955.0,960.0,616.0,594.0,597.0,80.4
9,8,2018-11-11 23:03:37,2018-11-11 23:40:06,2189,10307.0,488.0,481.0,502.0,70351.0,69338.0,72340.0,22592.0,22573.0,22740.0,54.0,53.0,56.0,969.0,943.0,967.0,598.0,585.0,573.0,79.4
8,7,2018-11-11 23:40:07,2018-11-12 00:04:41,1474,9559.0,465.0,459.0,486.0,64930.0,64129.0,67784.5,22625.0,22613.0,22791.5,50.0,51.0,54.0,979.0,936.0,979.0,569.0,539.0,613.0,77.3
7,8,2018-11-12 00:04:42,2018-11-12 00:14:43,601,9248.0,430.0,416.0,447.0,58309.0,56291.0,60488.0,22799.0,22758.0,22895.0,48.0,50.0,54.0,972.0,920.0,970.0,569.0,553.0,605.0,77.6
8,7,2018-11-12 00:14:44,2018-11-12 00:24:45,601,10027.0,477.0,444.0,463.0,66556.0,62006.0,64700.0,22729.0,22738.0,22789.5,52.0,48.0,58.0,981.0,917.0,947.0,569.0,553.0,598.0,77.3
7,8,2018-11-12 00:24:46,2018-11-12 00:35:58,672,8177.0,465.0,442.0,434.0,62895.0,59724.0,58816.0,22755.5,22781.0,22905.0,52.0,41.0,50.0,996.5,993.5,965.0,568.0,553.0,598.0,75.7
8,9,2018-11-12 00:35:59,2018-11-12 00:46:00,601,8648.0,489.0,473.0,455.0,68184.0,66048.0,63491.0,22546.0,22560.0,22623.0,54.0,43.0,52.0,995.0,992.0,961.0,557.0,556.0,591.0,75.2
9,10,2018-11-12 00:46:01,2018-11-12 01:34:57,2936,9261.0,523.0,500.0,507.0,75315.0,72014.0,73051.0,22598.0,22583.0,22686.0,54.0,47.0,54.0,995.0,982.0,977.0,504.0,556.0,441.0,77.3
10,11,2018-11-12 01:34:58,2018-11-12 02:44:35,4177,9263.0,528.0,523.0,548.0,78618.0,77855.0,81627.0,22484.0,22453.0,22618.0,53.0,53.0,54.0,995.0,984.0,995.0,589.0,739.0,528.0,82.0
11,10,2018-11-12 02:44:36,2018-11-12 02:54:37,601,10207.0,541.0,543.0,556.0,83307.0,83967.0,84920.0,22309.0,22302.0,22437.0,58.0,55.0,57.0,989.0,977.0,987.0,679.0,723.0,622.0,82.0
10,9,2018-11-12 02:54:38,2018-11-12 04:17:11,4953,9655.0,523.0,518.0,541.0,77838.0,77167.0,80659.0,22508.0,22513.0,22726.0,54.0,54.0,55.0,995.0,975.0,993.0,664.0,687.0,638.0,82.0
9,10,2018-11-12 04:17:12,2018-11-12 04:27:13,601,9590.0,472.0,483.0,501.0,68029.0,69514.0,72230.0,22456.0,22524.0,22700.0,54.0,54.0,53.0,974.0,961.0,988.0,626.0,565.0,581.0,80.9
10,9,2018-11-12 04:27:14,2018-11-12 05:33:53,3999,10796.0,520.0,523.0,538.0,77565.5,77809.0,80210.0,22438.0,22450.0,22591.0,56.0,54.0,56.0,973.0,951.0,969.0,576.0,506.0,524.0,81.0
9,8,2018-11-12 05:33:54,2018-11-12 06:34:37,3643,10774.0,492.0,489.0,503.0,70779.0,70392.0,72528.0,22587.0,22543.0,22684.0,55.0,54.0,54.0,957.0,933.0,961.0,497.0,473.0,527.0,80.4
8,9,2018-11-12 06:34:38,2018-11-12 06:53:12,1114,9132.0,491.0,495.0,415.0,68482.0,69116.0,57884.0,22548.0,22583.0,22576.0,54.0,44.0,47.0,983.0,992.0,913.0,497.0,472.0,359.0,75.1
9,10,2018-11-12 06:53:13,2018-11-12 07:14:38,1285,9084.5,511.0,513.0,510.0,73657.0,73777.0,73527.0,22282.0,22304.0,22394.0,54.0,48.0,50.0,985.0,989.0,987.0,384.0,602.0,351.0,77.2
10,9,2018-11-12 07:14:39,2018-11-12 08:31:30,4611,10386.0,535.0,510.0,532.0,79682.0,75980.0,79310.5,22694.0,22626.0,22761.0,56.0,54.0,57.0,981.0,966.0,975.0,548.0,824.0,388.0,80.4
9,10,2018-11-12 08:31:31,2018-11-12 08:41:32,601,8899.0,478.0,492.0,523.0,68826.0,70884.0,75338.0,22662.0,22595.0,22742.0,53.0,55.0,48.0,978.0,987.0,999.0,605.0,834.0,437.0,80.9
10,9,2018-11-12 08:41:33,2018-11-12 08:56:09,876,10175.0,517.0,503.0,531.0,76941.0,74896.0,79196.0,22625.0,22566.0,22737.0,56.0,56.0,56.0,979.0,967.0,981.0,604.0,839.0,472.0,80.4
9,5,2018-11-12 08:56:10,2018-11-12 09:06:11,601,9332.0,499.0,471.0,505.0,71718.0,67719.0,72585.0,22694.0,22650.0,22810.0,53.0,52.0,56.0,992.0,966.0,983.0,606.0,802.0,475.0,80.4
5,4,2018-11-12 09:06:12,2018-11-12 09:16:13,601,5015.0,370.0,392.0,403.0,47149.0,49981.0,51294.0,22494.0,22518.0,22677.0,41.0,42.0,40.0,999.0,999.0,985.0,542.0,649.0,437.0,75.8
4,5,2018-11-12 09:16:14,2018-11-12 09:26:15,601,3994.0,357.0,362.0,376.0,44190.0,44885.0,46517.0,22591.0,22601.0,22746.0,40.0,37.0,39.0,984.0,992.0,978.0,498.0,605.0,424.0,75.2
5,6,2018-11-12 09:26:16,2018-11-12 10:42:19,4563,4855.0,381.0,396.0,417.0,48547.0,50428.0,53088.0,22558.0,22585.0,22750.0,41.0,41.0,41.0,993.0,999.0,980.0,491.0,525.0,435.0,73.0
6,7,2018-11-12 10:42:20,2018-11-12 12:07:09,5089,4289.0,453.0,447.0,451.0,59496.5,58619.0,59261.0,22378.0,22374.0,22529.0,42.0,38.0,40.0,968.0,973.0,977.0,262.0,389.0,301.0,72.9
7,9,2018-11-12 12:07:10,2018-11-12 12:17:11,601,5230.0,454.0,463.0,486.0,61758.5,62864.0,65772.0,22075.0,22132.0,22339.0,43.0,41.0,43.0,984.5,997.0,977.0,327.0,473.0,383.0,73.8
9,10,2018-11-12 12:17:12,2018-11-12 12:27:13,601,10058.0,469.0,439.0,508.0,67604.0,63364.0,73313.0,22234.0,22191.0,22410.0,51.0,58.0,53.0,954.0,912.0,985.0,506.0,600.0,466.0,75.3
10,9,2018-11-12 12:27:14,2018-11-12 12:47:27,1213,11433.0,483.0,457.0,500.0,71889.0,68162.0,74474.0,22235.0,22181.0,22341.0,56.0,61.0,62.0,934.0,878.0,943.0,520.0,553.0,499.0,76.9
9,10,2018-11-12 12:47:28,2018-11-12 12:57:29,601,10180.0,462.0,462.0,507.0,66523.0,66522.0,73025.0,22169.0,22148.0,22333.0,51.0,58.0,54.0,946.0,920.0,980.0,514.0,490.0,517.0,76.3
10,9,2018-11-12 12:57:30,2018-11-12 13:07:31,601,11296.0,494.0,479.0,506.0,73407.0,71354.0,75324.0,22143.0,22107.0,22270.0,57.0,56.0,57.0,950.0,903.0,941.0,515.0,490.0,507.0,76.3
9,8,2018-11-12 13:07:32,2018-11-12 13:17:33,601,10806.0,465.0,455.0,454.0,66920.0,65524.0,65413.0,22407.0,22392.5,22469.5,59.0,52.0,60.0,949.0,905.5,913.5,569.0,510.0,549.0,76.4
8,9,2018-11-12 13:17:34,2018-11-12 13:27:35,601,9653.5,445.0,447.0,449.0,62041.0,62357.0,62655.0,22372.0,22372.0,22458.0,54.0,51.0,53.0,956.5,941.0,952.0,568.0,510.0,600.0,74.8
9,8,2018-11-12 13:27:36,2018-11-12 14:40:54,4398,10806.0,495.0,495.0,501.0,71302.0,71288.0,72244.0,22774.0,22750.0,22914.0,55.0,52.0,56.0,964.0,937.0,955.0,551.0,523.0,600.0,76.4
8,7,2018-11-12 14:40:55,2018-11-12 14:50:56,601,10349.5,420.0,452.0,444.0,58589.0,63056.0,62046.5,22786.5,22875.0,23021.0,59.0,57.0,52.0,908.5,937.0,942.0,538.0,607.0,695.0,76.5
7,9,2018-11-12 14:50:57,2018-11-12 15:00:58,601,9545.5,418.0,423.0,435.0,56500.0,57195.0,58866.5,23057.0,23050.0,23234.0,52.0,53.0,52.0,949.0,930.0,965.0,558.0,614.0,738.0,75.4
9,8,2018-11-12 15:00:59,2018-11-12 15:14:14,795,9109.0,513.0,513.0,501.0,73905.5,73899.0,72233.0,22741.0,22741.0,22856.0,54.0,49.0,53.0,993.0,988.0,986.0,554.0,614.0,731.0,76.4
8,7,2018-11-12 15:14:15,2018-11-12 15:24:16,601,8400.0,478.0,475.0,468.0,66628.0,66288.5,65365.0,22692.5,22720.0,22824.0,52.0,47.0,51.0,994.0,988.0,989.0,554.0,625.0,732.0,76.5
7,5,2018-11-12 15:24:17,2018-11-12 15:34:18,601,5795.0,480.0,464.0,475.0,64836.0,62803.0,64267.5,22714.0,22633.0,22846.0,47.0,40.0,45.0,985.0,995.0,998.0,426.0,497.0,465.0,76.4
5,7,2018-11-12 15:34:19,2018-11-12 15:44:20,601,nan,nan,nan,nan,nan,nan,nan,nan,nan,nan,nan,nan,nan,nan,nan,nan,nan,nan,nan,nan
7,4,2018-11-12 15:44:21,2018-11-12 15:54:22,601,5005.0,484.0,482.0,481.0,65454.0,65194.0,65026.0,22792.0,22621.0,22902.0,45.0,40.0,44.0,974.0,980.0,987.0,288.0,435.0,381.0,76.5
4,3,2018-11-12 15:54:23,2018-11-12 17:26:45,5542,3935.0,383.0,379.0,380.0,47406.0,46939.5,47027.0,22790.0,22757.0,22872.0,40.0,36.0,39.0,974.0,979.0,985.0,258.0,412.0,354.0,72.3
3,2,2018-11-12 17:26:46,2018-11-12 17:36:47,601,3712.0,357.0,353.0,355.0,42984.0,42537.0,42748.0,23124.0,23106.0,23215.0,38.0,35.0,37.0,973.0,980.0,982.0,239.0,420.0,358.0,70.0
2,3,2018-11-12 17:36:48,2018-11-12 20:08:48,9120,3924.0,298.0,309.0,328.0,34986.0,36272.0,38481.0,22989.0,22996.0,23154.0,36.0,36.0,37.0,992.0,999.0,980.0,417.0,510.0,416.0,62.6
3,4,2018-11-12 20:08:49,2018-11-12 20:21:51,782,5893.0,322.0,317.0,339.0,38801.5,38212.0,40940.0,22991.5,22893.0,23064.0,40.0,40.0,42.0,997.0,978.0,991.0,487.0,528.0,506.0,61.6
4,5,2018-11-12 20:21:52,2018-11-12 20:31:55,603,7273.5,339.0,333.0,333.5,41987.5,41196.0,41367.0,23047.0,22959.0,23112.5,48.0,43.0,47.0,970.0,952.0,950.0,505.0,547.0,525.0,61.6
5,6,2018-11-12 20:31:56,2018-11-12 20:43:01,665,7818.0,359.0,367.0,382.0,45749.0,46804.0,48627.0,22912.0,22838.0,23060.0,47.0,48.0,46.0,960.0,952.0,980.0,511.0,571.0,531.0,61.7
6,7,2018-11-12 20:43:02,2018-11-12 21:01:32,1110,8054.0,389.0,395.0,413.0,50999.0,51860.0,54181.0,22747.0,22689.0,22893.0,48.0,50.0,48.0,972.0,958.0,983.0,563.0,613.0,551.0,63.3
7,6,2018-11-12 21:01:33,2018-11-12 21:13:28,715,9200.0,406.0,420.0,392.0,54973.0,56770.0,53065.0,22694.0,22741.5,22861.0,58.0,49.0,50.0,953.0,962.0,918.0,588.0,665.5,565.0,65.2
6,7,2018-11-12 21:13:29,2018-11-12 21:24:04,635,8931.0,338.0,372.0,316.0,44257.0,48810.0,41565.0,22792.0,22929.0,22996.0,69.0,46.0,51.0,917.0,968.0,789.0,602.0,685.0,584.0,65.0
7,9,2018-11-12 21:24:05,2018-11-12 21:34:06,601,9394.0,413.0,388.0,365.0,55861.0,52452.0,49354.0,22748.0,22760.0,22791.0,61.0,45.0,59.0,973.0,933.0,873.0,586.0,749.0,607.0,63.1
9,8,2018-11-12 21:34:07,2018-11-12 21:44:08,601,10413.0,460.0,481.0,461.0,66398.0,69357.5,66595.0,22458.5,22550.0,22620.0,62.0,54.0,53.0,939.0,964.0,937.0,586.0,756.0,605.0,63.1
8,9,2018-11-12 21:44:09,2018-11-12 21:54:10,601,8927.0,465.0,424.0,460.0,65028.0,59171.0,64067.0,22468.0,22314.0,22469.0,47.0,50.0,53.0,991.0,937.0,969.0,558.0,737.0,619.0,65.2
9,8,2018-11-12 21:54:11,2018-11-12 22:18:24,1453,9455.0,504.0,464.0,512.0,72642.0,66815.0,73840.0,22351.0,22261.0,22433.0,50.0,50.0,56.0,995.0,940.0,982.0,566.0,567.0,586.0,71.5
8,7,2018-11-12 22:18:25,2018-11-12 22:58:22,2397,8779.0,465.0,445.0,474.0,64940.0,62161.0,66134.0,22346.0,22325.0,22442.0,49.0,47.0,54.0,996.0,956.0,982.0,644.0,599.0,719.0,72.1
7,8,2018-11-12 22:58:23,2018-11-12 23:08:24,601,8244.0,438.0,409.0,423.0,59263.0,55370.0,57225.0,22287.0,22264.0,22345.0,49.0,44.0,53.0,995.0,952.0,965.0,623.0,606.0,714.0,69.4
8,9,2018-11-12 23:08:25,2018-11-12 23:18:26,601,8858.0,461.0,413.0,458.0,64325.0,57703.0,64026.0,22095.0,22012.0,22147.0,47.0,48.0,58.0,995.0,909.0,973.0,623.0,606.0,732.0,69.4
9,8,2018-11-12 23:18:27,2018-11-12 23:28:29,602,9813.0,485.0,420.0,479.0,69860.5,60573.0,69108.0,22004.0,21857.0,22002.0,48.0,51.0,64.0,993.0,869.0,960.0,623.0,606.0,732.0,71.0
8,9,2018-11-12 23:28:30,2018-11-12 23:38:31,601,9370.0,441.0,419.0,437.0,61504.0,58429.0,61075.0,22134.0,22086.0,22245.5,50.0,51.0,58.0,977.0,906.5,949.0,623.0,606.0,769.0,71.1
9,8,2018-11-12 23:38:32,2018-11-12 23:48:33,601,9768.0,530.0,395.0,439.0,76391.0,56831.0,63225.0,22394.0,22153.0,22220.0,50.0,43.0,80.0,985.0,788.0,928.0,601.0,622.0,741.0,70.5
8,7,2018-11-12 23:48:34,2018-11-12 23:58:35,601,9905.5,470.0,432.0,456.0,65560.0,60296.5,63651.5,22847.0,22734.0,22869.5,51.0,50.0,61.0,987.0,902.5,952.0,600.0,625.0,769.0,69.9
7,6,2018-11-12 23:58:36,2018-11-13 01:15:06,4590,9634.0,444.0,375.0,383.0,60093.0,50779.0,51820.0,23021.0,22880.0,22938.0,51.0,44.0,69.0,995.0,836.0,910.0,600.0,597.0,792.0,67.3
6,5,2018-11-13 01:15:07,2018-11-13 01:25:08,601,8922.0,388.0,288.0,354.0,50995.0,38002.0,46459.0,23071.0,22841.0,22986.0,43.0,53.0,73.0,993.5,696.5,936.0,614.0,665.0,821.0,66.8
5,8,2018-11-13 01:25:09,2018-11-13 01:35:10,601,8091.0,390.0,287.0,296.0,49653.0,36641.0,37737.0,23203.0,23048.0,23049.0,45.0,40.0,75.0,996.0,712.0,895.0,613.0,665.0,821.0,64.7
8,9,2018-11-13 01:35:11,2018-11-13 02:14:58,2387,6948.0,490.0,482.0,487.0,68422.0,67226.0,68005.0,22497.0,22444.0,22572.0,48.0,44.0,48.0,996.0,996.0,994.0,528.0,648.0,612.0,69.4
9,10,2018-11-13 02:14:59,2018-11-13 02:25:00,601,8280.0,510.0,492.0,523.0,73434.0,70896.0,75429.0,22372.0,22266.0,22466.0,49.0,49.0,52.0,995.0,981.0,998.0,549.0,628.0,628.0,73.6
10,9,2018-11-13 02:25:01,2018-11-13 06:40:58,15357,9671.0,524.0,522.0,538.0,78128.0,77785.0,80213.5,22534.0,22479.0,22645.0,55.0,54.0,55.0,986.0,979.0,988.0,627.0,705.0,635.0,79.4
9,10,2018-11-13 06:40:59,2018-11-13 06:51:00,601,10702.0,454.0,482.0,461.0,65347.0,69376.0,66340.0,22611.0,22670.0,22777.0,62.0,53.0,54.0,937.0,952.0,922.0,843.0,645.0,663.0,77.3
10,9,2018-11-13 06:51:01,2018-11-13 07:01:02,601,11508.0,462.0,513.0,474.0,68497.0,76378.0,70416.0,22470.0,22550.0,22640.0,70.0,55.0,55.0,911.0,960.0,890.0,823.0,664.0,671.0,77.3
9,10,2018-11-13 07:01:03,2018-11-13 07:31:32,1829,10775.0,459.0,437.0,501.0,66131.0,62968.0,72232.0,22645.0,22543.0,22703.0,51.0,61.0,56.0,943.0,894.0,981.0,696.0,800.0,689.0,76.8
10,9,2018-11-13 07:31:33,2018-11-13 07:41:34,601,11891.5,443.0,458.0,526.5,65895.0,68181.5,78439.0,22782.0,22662.0,22962.0,57.0,75.0,56.0,838.0,893.0,980.0,695.0,800.0,689.0,76.8
9,10,2018-11-13 07:41:35,2018-11-13 07:51:36,601,9750.0,507.0,476.0,508.0,73075.0,68487.0,73252.0,22715.0,22577.0,22761.0,52.0,51.0,56.0,991.0,955.0,976.0,694.0,778.0,689.0,76.8
10,9,2018-11-13 07:51:37,2018-11-13 08:52:36,3659,9504.0,524.0,531.0,529.0,78106.0,79050.0,78765.0,22528.0,22529.0,22610.0,57.0,52.0,53.0,988.0,989.0,988.0,664.0,823.0,658.0,78.5
9,7,2018-11-13 08:52:37,2018-11-13 09:02:38,601,9675.0,500.0,476.0,472.0,71986.0,68607.0,67955.0,22733.0,22741.0,22773.0,58.0,49.0,57.0,988.0,976.0,957.0,664.0,824.0,594.0,78.5
7,8,2018-11-13 09:02:39,2018-11-13 11:07:18,7479,5448.0,426.0,444.0,477.0,57658.0,60085.0,64578.0,22271.0,22292.0,22470.0,43.0,45.0,45.0,993.0,999.0,976.0,567.0,664.0,485.0,76.9
8,7,2018-11-13 11:07:19,2018-11-13 11:22:19,900,6798.0,465.0,492.0,504.0,64885.0,68696.0,70446.0,22230.0,22313.0,22428.0,47.0,48.0,46.0,999.0,998.0,992.0,593.0,613.0,565.0,76.0
7,8,2018-11-13 11:22:20,2018-11-13 12:07:09,2689,6346.0,435.0,465.0,479.0,58792.0,62893.0,64803.0,22485.0,22573.0,22691.0,45.0,46.0,45.0,999.0,999.0,987.0,593.0,583.0,565.0,76.4
8,10,2018-11-13 12:07:10,2018-11-13 12:17:11,601,8545.0,419.0,460.0,494.5,58559.5,64290.0,69131.0,22464.0,22517.0,22706.0,47.0,57.0,48.0,963.0,971.0,993.5,625.0,594.0,604.5,76.4
10,9,2018-11-13 12:17:12,2018-11-13 13:27:13,4201,10858.0,510.0,520.0,525.0,75949.0,77395.0,78269.0,22701.0,22683.0,22824.0,58.0,55.0,56.0,975.0,958.0,970.0,657.0,594.0,687.0,76.9
9,8,2018-11-13 13:27:14,2018-11-13 13:38:07,653,9888.0,483.0,502.0,497.0,69509.0,72269.0,71621.0,22709.0,22747.0,22879.0,56.0,51.0,54.0,976.0,968.0,977.0,734.0,635.0,799.0,76.9
8,7,2018-11-13 13:38:08,2018-11-13 13:48:09,601,9940.0,416.5,464.0,431.0,58164.0,64822.0,60256.0,22776.0,22881.0,22992.5,61.0,53.0,51.0,933.0,965.0,937.0,730.0,645.0,804.0,76.9
7,8,2018-11-13 13:48:10,2018-11-13 14:00:56,766,8962.0,420.0,406.0,439.0,56821.5,54949.0,59424.0,23090.0,23046.0,23290.0,49.0,52.0,54.0,979.0,918.0,985.0,734.0,655.0,812.0,74.3
8,7,2018-11-13 14:00:57,2018-11-13 14:10:58,601,9318.0,454.0,467.0,467.0,63333.5,65121.0,65249.0,23022.0,22955.0,23220.0,53.0,52.0,53.0,978.0,964.0,981.0,772.0,671.0,826.0,74.3
7,5,2018-11-13 14:10:59,2018-11-13 14:21:00,601,9310.0,360.5,420.0,399.0,48663.0,56843.0,54114.0,22896.0,23123.0,23197.0,61.0,58.0,47.0,892.0,967.0,950.0,708.0,808.0,861.0,72.8
5,8,2018-11-13 14:21:01,2018-11-13 14:31:02,601,7642.0,341.0,341.0,371.0,43400.0,43512.0,47315.0,23103.0,23093.0,23255.0,45.0,52.0,49.0,960.0,929.0,988.0,769.0,862.0,900.0,71.2
8,9,2018-11-13 14:31:03,2018-11-13 14:41:04,601,8777.0,457.0,438.0,463.0,63775.0,61178.0,64578.5,22791.0,22761.0,22889.0,51.0,51.0,55.0,991.0,961.0,986.0,767.0,862.0,889.5,70.7
9,10,2018-11-13 14:41:05,2018-11-13 14:52:12,667,9401.0,506.0,490.0,479.0,72845.0,70628.0,69031.0,22777.0,22729.0,22811.0,57.0,48.0,55.0,992.0,987.0,967.0,704.0,806.5,796.0,74.3
10,9,2018-11-13 14:52:13,2018-11-13 15:02:14,601,10618.0,533.0,524.0,487.0,79509.0,77985.0,72609.0,22852.0,22847.0,22872.0,64.0,49.0,58.0,984.0,987.0,934.0,701.0,803.0,766.0,74.8
9,10,2018-11-13 15:02:15,2018-11-13 15:12:16,601,11230.0,487.0,441.0,401.0,70224.0,63737.0,57709.0,23441.0,23470.0,23389.0,68.0,49.0,70.0,977.0,921.0,850.0,707.0,910.0,739.0,74.8
10,11,2018-11-13 15:12:17,2018-11-13 15:22:18,601,11075.0,472.0,511.0,463.0,70197.0,76125.0,68937.0,23137.0,23314.0,23296.0,70.0,59.0,56.0,933.0,979.0,942.0,668.0,1089.0,1021.0,75.4
11,10,2018-11-13 15:22:19,2018-11-13 15:32:20,601,11290.0,536.5,536.0,514.0,82635.5,82587.0,79190.0,23012.0,23096.0,23097.0,65.0,59.0,61.0,966.0,973.0,964.0,672.0,1098.0,1022.0,75.9
10,9,2018-11-13 15:32:21,2018-11-13 15:42:22,601,10259.0,516.0,500.0,493.0,76819.0,74453.0,73502.0,22949.0,22950.0,22995.0,59.0,55.0,60.0,980.0,972.0,974.0,645.0,1070.0,962.0,75.9
9,10,2018-11-13 15:42:23,2018-11-13 15:52:24,601,9556.5,481.0,474.0,461.0,69328.0,68248.5,66406.0,23014.0,23029.0,23050.5,58.0,53.0,56.0,980.0,976.0,973.0,655.0,1066.0,933.0,76.4
10,9,2018-11-13 15:52:25,2018-11-13 16:17:05,1480,10201.5,526.0,509.0,505.0,78294.0,75737.0,75169.0,22996.0,23013.5,23061.0,59.0,54.0,59.0,986.0,976.0,976.0,677.0,1020.0,862.0,76.4
9,8,2018-11-13 16:17:06,2018-11-13 16:52:24,2118,9455.0,491.0,459.0,493.0,70797.0,66115.0,71068.0,23129.0,23022.0,23178.0,54.0,56.0,58.0,992.0,955.0,987.0,678.0,999.0,760.0,76.9
8,1,2018-11-13 16:52:25,2018-11-13 17:02:26,601,9789.0,411.0,427.5,442.0,57411.0,59646.0,62026.0,23215.0,23184.0,23347.5,56.0,59.0,54.0,933.0,946.0,972.0,707.0,964.0,747.0,76.4
1,5,2018-11-13 17:02:27,2018-11-13 17:12:28,601,3674.0,255.0,262.5,284.0,29176.0,30031.0,32462.5,23029.0,23022.5,23176.0,34.5,37.0,37.0,993.0,996.0,982.5,647.5,842.5,672.5,70.1
5,4,2018-11-13 17:12:29,2018-11-13 17:22:30,601,5021.0,368.0,382.0,417.0,46835.0,48700.0,53087.0,22915.0,22914.0,23114.0,41.0,44.0,44.0,993.0,998.0,974.0,629.0,764.0,596.0,69.0
4,3,2018-11-13 17:22:31,2018-11-13 17:32:32,601,5303.0,337.0,368.0,372.0,41762.0,45527.0,46132.0,22954.0,22999.0,23127.0,42.0,43.0,40.0,996.0,999.0,989.0,681.0,730.0,604.0,69.1
3,4,2018-11-13 17:32:33,2018-11-13 17:42:34,601,4775.0,311.0,336.0,345.0,37441.0,40551.0,41621.0,23015.0,23058.0,23174.0,39.0,41.0,39.0,996.0,998.0,986.0,661.0,690.0,605.0,67.9
4,5,2018-11-13 17:42:35,2018-11-13 18:03:41,1266,5090.0,343.0,363.0,378.0,42454.0,44980.0,46814.0,22938.0,22958.0,23107.0,41.0,42.0,41.0,998.0,998.0,986.0,714.0,698.0,650.0,67.4
5,4,2018-11-13 18:03:42,2018-11-13 18:13:43,601,5317.0,366.0,387.0,412.0,46672.0,49354.0,52532.0,22845.0,22857.0,23028.0,41.0,44.0,44.0,998.0,996.0,981.0,700.0,700.0,650.0,67.4
4,3,2018-11-13 18:13:44,2018-11-13 18:34:24,1240,5142.0,340.0,372.0,389.0,42085.0,46067.0,48173.0,22902.0,22943.0,23096.0,40.0,43.0,41.0,999.0,998.0,983.0,700.0,687.0,650.0,67.9
3,2,2018-11-13 18:34:25,2018-11-13 18:46:11,706,5020.0,308.0,340.0,346.0,37138.0,41052.0,41711.0,22976.0,23045.0,23168.0,41.0,42.0,39.0,994.0,998.0,990.0,707.0,679.0,659.0,67.4
2,1,2018-11-13 18:46:12,2018-11-13 18:56:13,601,4654.0,279.5,325.5,309.0,32796.0,38309.0,36294.0,22991.5,23080.5,23178.5,42.0,38.0,36.0,988.0,999.0,997.0,706.0,674.0,696.0,66.8
1,2,2018-11-13 18:56:14,2018-11-13 19:06:25,611,4480.0,251.0,280.0,287.0,28711.5,32004.5,32836.0,23160.0,23239.0,23353.0,37.0,40.0,36.0,984.0,993.0,992.0,705.0,671.0,702.0,63.7
2,3,2018-11-13 19:06:26,2018-11-13 19:43:52,2246,5436.0,276.0,284.0,304.0,32406.0,33274.0,35682.0,23127.0,23142.0,23283.0,39.0,42.0,41.0,984.0,966.0,998.0,728.0,678.0,743.0,62.6
3,4,2018-11-13 19:43:53,2018-11-13 20:16:16,1943,6369.0,279.0,299.0,311.0,33586.0,36084.0,37531.0,23045.0,23053.0,23203.0,43.0,49.0,43.0,942.0,951.0,989.0,761.0,675.0,767.0,61.6
4,5,2018-11-13 20:16:17,2018-11-13 20:26:32,615,6344.0,337.0,339.0,336.0,41761.5,41983.5,41621.5,22745.0,22765.5,22849.0,46.0,40.0,44.0,992.0,984.0,980.0,761.0,702.0,780.0,61.0
5,4,2018-11-13 20:26:33,2018-11-13 20:36:34,601,7194.0,352.0,346.0,367.0,44818.0,44141.0,46820.0,22602.0,22632.0,22776.0,45.0,46.0,48.0,982.0,947.0,984.0,761.0,726.0,780.0,61.6
4,5,2018-11-13 20:36:35,2018-11-13 20:46:36,601,7034.0,302.0,283.0,328.0,37332.0,35111.0,40468.0,22592.0,22509.0,22695.0,42.0,51.0,50.0,952.0,883.0,974.0,799.0,736.0,799.0,61.6
5,6,2018-11-13 20:46:37,2018-11-13 20:56:38,601,7303.0,336.0,357.0,357.0,42839.0,45505.0,45469.0,22495.0,22558.0,22683.0,48.0,47.0,45.0,957.0,963.0,977.0,808.0,736.0,799.0,61.6
6,5,2018-11-13 20:56:39,2018-11-13 21:06:40,601,7908.0,375.0,377.0,376.0,49232.0,49530.0,49402.0,22406.5,22419.0,22505.0,51.0,46.0,49.0,969.0,958.0,958.0,809.0,736.0,799.0,62.6
5,6,2018-11-13 21:06:41,2018-11-13 21:16:42,601,7209.0,358.0,354.0,329.0,45680.0,45068.0,42038.0,22496.0,22507.0,22512.0,52.0,40.0,48.0,983.0,980.0,927.0,810.0,747.0,807.0,62.6
6,9,2018-11-13 21:16:43,2018-11-13 21:26:44,601,7668.5,377.0,400.0,359.0,49545.0,52533.5,47136.0,22405.0,22475.0,22499.5,56.0,43.0,46.0,970.0,994.0,940.0,804.0,758.0,815.0,62.6
9,7,2018-11-13 21:26:45,2018-11-13 21:36:46,601,10089.0,494.0,421.0,422.0,71028.0,60616.5,60827.0,22629.0,22548.0,22493.5,57.0,46.0,71.0,997.0,890.5,908.5,896.5,920.0,833.0,65.7
7,9,2018-11-13 21:36:47,2018-11-13 21:46:48,601,8546.0,411.0,384.0,390.0,55577.0,51962.5,52740.0,22492.0,22480.5,22513.0,53.0,46.0,57.0,984.0,938.5,944.5,931.0,953.0,893.0,65.1
9,8,2018-11-13 21:46:49,2018-11-13 22:39:57,3188,10043.0,425.0,444.0,457.0,61152.0,63973.0,65787.0,22363.0,22396.0,22554.0,57.0,62.0,54.0,925.0,936.0,972.0,948.0,953.0,925.0,69.3
8,9,2018-11-13 22:39:58,2018-11-13 23:01:56,1318,5271.5,485.0,489.0,495.0,67690.0,68300.5,69139.0,22038.5,22078.0,22192.0,46.0,41.0,46.0,978.0,988.0,989.0,583.0,554.0,582.0,71.4
9,11,2018-11-13 23:01:57,2018-11-13 23:11:58,601,8024.0,490.0,495.0,526.5,70554.0,71224.5,75861.0,21812.0,21816.0,22019.0,46.5,47.0,50.0,995.0,986.0,992.0,583.0,582.0,684.0,73.0
11,10,2018-11-13 23:11:59,2018-11-13 23:22:00,601,11340.0,521.0,506.0,514.5,80267.0,78000.0,79437.0,22040.0,22057.0,22149.0,60.0,55.0,64.5,978.0,932.0,946.5,686.0,605.0,774.0,75.1
10,9,2018-11-13 23:22:01,2018-11-13 23:32:02,601,9960.0,499.0,549.0,533.0,74366.0,81551.0,79337.0,22605.0,22725.0,22844.0,59.0,55.0,52.0,972.0,986.0,991.0,693.0,601.0,821.0,75.6
9,8,2018-11-13 23:32:03,2018-11-13 23:45:33,810,10137.0,463.0,478.0,468.0,66714.0,68920.0,67417.0,22812.0,22855.0,22921.0,59.0,54.0,54.0,958.0,957.0,955.0,745.0,605.0,836.0,74.2
8,9,2018-11-13 23:45:34,2018-11-13 23:55:35,601,9618.0,485.5,384.0,390.0,67810.0,53650.0,54303.5,23074.0,22933.0,22891.0,52.0,43.0,77.5,993.0,815.0,915.0,747.0,605.0,887.0,73.0
